Symbol,Series,Prev Close,Open,High,Low,Last,Close,VWAP,Volume,Turnover,Trades,Deliverable Volume,%Deliverble
DMART,EQ,299.0,600.0,648.9,558.3,647.8,641.6,607.18,85728445,5205258577775000.0,997334,25455640,0.2969
DMART,EQ,641.6,641.55,657.45,625.1,636.95,638.55,644.03,15817671,1018713015600000.0,230754,1980297,0.1252
DMART,EQ,638.55,637.9,648.0,628.15,635.0,634.85,639.24,4690121,299810185765000.0,82509,918026,0.1957
DMART,EQ,634.85,635.45,640.45,612.6,615.25,616.9,621.12,4865013,302177407405000.0,91530,1091968,0.2245
DMART,EQ,616.9,615.0,623.0,602.35,617.05,614.4,613.09,3535098,216734745705000.03,63894,809694,0.22899999999999998
DMART,EQ,614.4,617.2,633.4,615.1,626.0,628.8,626.77,2981122,186846302655000.0,57419,595667,0.1998
DMART,EQ,628.8,632.9,637.0,622.4,624.0,628.25,631.74,2407007,152060329890000.0,46378,853427,0.3546
DMART,EQ,628.25,624.2,635.0,622.2,634.95,631.85,629.89,1324054,83400994485000.0,22366,407697,0.3079
DMART,EQ,631.85,634.4,652.3,630.0,637.3,637.85,639.97,2075789,132844957030000.0,36350,525707,0.25329999999999997
DMART,EQ,637.85,638.0,643.0,633.0,635.0,634.25,636.91,992545,63215734195000.01,23829,431552,0.43479999999999996
DMART,EQ,634.25,636.0,645.1,628.3,633.0,632.15,635.45,820437,52134654775000.0,18085,288605,0.3518
DMART,EQ,632.15,632.0,668.4,630.2,663.9,664.4,654.46,5166823,338146518560000.0,75897,1084664,0.20989999999999998
DMART,EQ,664.4,665.9,761.35,664.0,758.9,751.2,722.72,16504569,1192823014680000.0,249684,1925387,0.1167
DMART,EQ,751.2,769.0,806.9,759.05,777.7,774.1,789.07,14333464,1131015150800000.0,226380,1663038,0.11599999999999999
DMART,EQ,774.1,778.9,791.1,768.35,778.0,778.55,780.12,4283589,334172653140000.0,77233,536186,0.1252
DMART,EQ,778.55,779.0,782.9,755.0,758.0,762.2,766.28,2435513,186627848295000.0,45432,364931,0.14980000000000002
DMART,EQ,762.2,756.9,806.9,756.0,780.5,783.25,788.52,6262741,493829468085000.06,114670,769821,0.1229
DMART,EQ,783.25,785.9,789.7,766.6,773.75,774.05,774.37,2786771,215798068130000.03,64792,1534411,0.5506000000000001
DMART,EQ,774.05,774.9,774.9,725.1,732.0,730.15,740.24,4750180,351626261365000.0,128369,2535888,0.5339
DMART,EQ,730.15,735.0,752.0,722.0,736.0,732.8,736.68,2052184,151180095280000.0,46838,529283,0.2579
DMART,EQ,732.8,740.0,765.0,732.4,753.45,756.3,751.83,3218061,241943489430000.03,63725,826302,0.25680000000000003
DMART,EQ,756.3,760.0,765.0,739.0,742.5,743.2,751.08,1237439,92941440000000.0,27577,386299,0.3122
DMART,EQ,743.2,748.0,748.0,724.15,725.2,726.3,733.21,1249610,91622370880000.0,24345,575519,0.4606
DMART,EQ,726.3,731.0,739.9,721.15,735.0,734.8,732.76,1519949,111376273075000.0,29142,580108,0.38170000000000004
DMART,EQ,734.8,736.45,753.95,731.0,746.0,747.9,747.28,2080565,155475817165000.0,49463,669426,0.32180000000000003
DMART,EQ,747.9,749.0,749.7,736.1,739.25,740.1,740.92,614735,45546757670000.0,12951,313189,0.5095000000000001
DMART,EQ,740.1,743.85,747.0,735.0,736.15,736.5,739.17,516172,38153935295000.0,10952,229610,0.4448
DMART,EQ,736.5,737.25,762.9,737.25,749.65,752.3,750.44,1808851,135743366705000.0,40605,781262,0.4319
DMART,EQ,752.3,753.0,762.0,746.8,758.5,756.85,754.74,1083002,81738652595000.0,24359,517897,0.4782
DMART,EQ,756.85,762.2,793.0,762.2,772.0,773.25,780.32,2607954,203503096050000.0,43004,538434,0.2065
DMART,EQ,773.25,778.0,814.4,766.1,806.55,808.9,796.1,4332891,344941808670000.0,72556,1067044,0.2463
DMART,EQ,808.9,823.65,824.5,770.2,780.05,780.15,788.35,3972924,313206904040000.0,72004,962974,0.24239999999999998
DMART,EQ,780.15,782.9,793.0,775.6,780.0,780.05,783.09,1199297,93916120925000.0,32723,345615,0.2882
DMART,EQ,780.05,781.9,795.0,780.0,789.0,790.85,788.12,1251054,98597958095000.0,22605,325958,0.2605
DMART,EQ,790.85,789.7,790.5,756.0,763.0,761.8,773.79,1038372,80347684240000.0,25110,485856,0.4679
DMART,EQ,761.8,763.9,768.0,736.7,752.8,751.8,754.67,1137225,85822826775000.0,25970,412172,0.3624
DMART,EQ,751.8,755.5,761.45,744.0,750.2,752.15,753.35,617269,46502000570000.0,15677,193827,0.314
DMART,EQ,752.15,752.1,757.9,741.0,751.4,750.4,750.41,600525,45064276855000.0,13796,182949,0.30460000000000004
DMART,EQ,750.4,751.7,756.9,742.9,743.65,744.9,748.83,458274,34316746089999.996,11883,129806,0.2832
DMART,EQ,744.9,739.95,748.0,724.5,730.0,727.45,737.5,698857,51540534275000.0,16108,293978,0.4207
DMART,EQ,727.45,730.0,738.65,713.65,726.95,722.9,725.04,686573,49779394120000.0,21237,253482,0.36920000000000003
DMART,EQ,722.9,729.4,734.5,720.1,721.0,721.55,724.23,361363,26170891700000.0,10860,162397,0.44939999999999997
DMART,EQ,721.55,724.95,725.0,691.55,708.0,708.4,707.64,1362902,96444890170000.0,27324,780365,0.5726
DMART,EQ,708.4,710.4,722.9,701.0,715.05,714.2,706.17,748251,52839093980000.0,18942,328471,0.439
DMART,EQ,714.2,720.0,720.0,705.5,712.55,712.4,712.94,508214,36232690325000.0,15610,227223,0.4471
DMART,EQ,712.4,714.0,732.0,709.45,713.0,714.9,718.91,790476,56828500010000.0,22517,367123,0.4644
DMART,EQ,714.9,715.0,719.75,710.0,715.0,714.8,714.26,307830,21987002100000.0,8653,115743,0.376
DMART,EQ,714.8,715.0,742.85,710.0,729.1,727.85,730.47,912185,66631987765000.0,21565,217550,0.23850000000000002
DMART,EQ,727.85,731.8,750.8,726.4,749.0,745.15,743.33,883930,65705374550000.0,20355,338701,0.3832
DMART,EQ,745.15,749.9,782.0,745.0,781.0,776.85,769.35,1557053,119791717165000.02,40650,466813,0.2998
DMART,EQ,776.85,783.85,794.6,776.85,779.5,779.65,785.29,738963,58029867070000.01,16363,251937,0.34090000000000004
DMART,EQ,779.65,782.7,811.0,775.3,793.0,789.75,795.0,1662267,132150027180000.0,34986,516069,0.3105
DMART,EQ,789.75,792.8,800.5,772.55,776.0,775.35,783.51,761302,59649091545000.01,20907,236797,0.311
DMART,EQ,775.35,777.0,784.5,771.25,775.0,774.3,776.61,335268,26037254695000.0,8123,93776,0.2797
DMART,EQ,774.3,776.95,799.8,768.05,788.1,790.25,789.27,1170440,92379367160000.0,25184,403406,0.3447
DMART,EQ,790.25,789.95,811.0,783.15,802.0,802.35,801.79,1485266,119086629665000.02,32383,314588,0.2118
DMART,EQ,802.35,804.0,823.0,797.0,806.0,804.1,811.82,1211793,98376116325000.0,32734,284170,0.2345
DMART,EQ,804.1,807.7,815.0,795.1,799.8,798.65,805.57,679152,54710125204999.99,21688,214628,0.316
DMART,EQ,798.65,802.0,807.0,792.0,799.8,798.55,799.3,406225,32469704855000.0,10423,100773,0.2481
DMART,EQ,798.55,800.0,807.0,793.0,799.4,797.95,799.78,376579,30117913420000.0,9096,97865,0.25989999999999996
DMART,EQ,797.95,802.4,812.0,796.95,801.5,800.1,803.55,579782,46588582835000.0,13166,123705,0.2134
DMART,EQ,800.1,804.8,806.25,791.0,796.0,796.4,800.03,302416,24194154115000.0,7976,94775,0.3134
DMART,EQ,796.4,796.0,836.7,796.0,824.5,822.05,817.93,1759720,143932647255000.0,24384,638494,0.3628
DMART,EQ,822.05,825.8,838.8,813.3,815.4,817.8,825.67,1466750,121105537380000.0,29162,346375,0.23620000000000002
DMART,EQ,817.8,819.95,824.0,800.0,802.5,803.9,814.33,674073,54892016015000.0,14370,177838,0.2638
DMART,EQ,803.9,805.8,809.25,789.8,803.9,801.6,798.59,799811,63872501440000.0,18710,251147,0.314
DMART,EQ,801.6,803.9,807.0,794.7,804.0,804.6,801.22,472470,37855409460000.0,11958,175269,0.371
DMART,EQ,804.6,802.4,822.9,797.0,820.65,818.05,812.42,842867,68476367229999.99,23696,270361,0.3208
DMART,EQ,818.05,825.0,826.45,813.0,815.0,815.5,819.33,443572,36343182625000.0,14775,129172,0.2912
DMART,EQ,815.5,810.9,820.0,805.0,809.5,815.1,813.37,365653,29741142585000.004,16340,122428,0.3348
DMART,EQ,815.1,811.6,847.9,808.0,839.7,840.05,835.88,1577531,131862267220000.0,31850,644343,0.40850000000000003
DMART,EQ,840.05,843.0,843.0,829.0,836.25,836.2,835.58,590080,49306061240000.0,28432,212252,0.3597
DMART,EQ,836.2,834.9,854.95,830.85,845.0,846.05,846.72,795100,67322529840000.0,22675,176573,0.22210000000000002
DMART,EQ,846.05,847.55,909.0,847.55,879.1,880.3,883.83,3412326,301590052770000.0,73764,605134,0.1773
DMART,EQ,880.3,882.8,910.0,882.0,895.0,895.45,898.16,2129887,191297516225000.0,57897,446084,0.20940000000000003
DMART,EQ,895.45,940.2,944.0,900.0,942.2,934.6,927.95,646394,59982254190000.0,13896,197695,0.3058
DMART,EQ,934.6,946.0,954.9,907.5,911.0,913.95,933.44,1185183,110630045465000.02,33392,391465,0.33030000000000004
DMART,EQ,913.95,914.0,934.4,905.0,909.15,910.3,918.89,1206562,110869460380000.0,29715,330186,0.2737
DMART,EQ,910.3,915.0,933.7,910.25,911.5,915.15,921.52,1139296,104988818120000.0,33192,274379,0.2408
DMART,EQ,915.15,920.0,921.9,872.5,890.0,891.35,895.93,1325017,118711797445000.0,37765,427404,0.3226
DMART,EQ,891.35,894.9,917.7,886.05,913.5,911.7,905.36,951306,86127447565000.0,25320,235903,0.24800000000000003
DMART,EQ,911.7,908.9,920.0,901.05,913.0,910.65,911.57,509382,46433964320000.0,20787,111282,0.21850000000000003
DMART,EQ,910.65,914.2,924.95,907.45,911.1,911.7,917.72,524342,48119811530000.0,16594,180495,0.3442
DMART,EQ,911.7,914.8,918.8,905.1,908.0,909.2,911.09,504126,45930189480000.0,17108,165473,0.3282
DMART,EQ,909.2,912.5,921.0,907.0,914.0,914.75,915.14,648124,59312103850000.0,12822,318649,0.4916
DMART,EQ,914.75,937.0,964.0,911.0,912.95,916.55,935.9,2518684,235723251785000.0,64880,719032,0.28550000000000003
DMART,EQ,916.55,917.5,933.3,905.65,929.25,925.65,919.73,1018767,93699515845000.0,28176,375825,0.3689
DMART,EQ,925.65,930.0,932.9,893.0,906.0,909.6,909.03,1512281,137471299380000.0,41027,698587,0.4619
DMART,EQ,909.6,907.9,915.0,892.4,894.5,896.9,903.66,534158,48269643700000.0,17032,159092,0.2978
DMART,EQ,896.9,894.0,908.0,888.1,898.0,898.55,899.81,501864,45158222610000.0,13095,123729,0.2465
DMART,EQ,898.55,904.0,925.5,897.0,920.4,919.7,913.92,925153,84551825590000.0,29892,289846,0.31329999999999997
DMART,EQ,919.7,921.0,930.0,913.1,914.0,916.05,920.1,388020,35701537620000.0,11740,117614,0.3031
DMART,EQ,916.05,914.5,919.0,902.25,903.75,906.8,910.72,230945,21032550490000.0,7831,69553,0.3012
DMART,EQ,906.8,905.95,909.9,895.0,897.05,898.1,902.86,242241,21870861270000.0,9323,69078,0.2852
DMART,EQ,898.1,898.9,922.4,894.25,920.0,911.35,907.5,649179,58913128470000.01,15775,380885,0.5867
DMART,EQ,911.35,921.0,933.0,915.0,922.1,923.8,924.74,418558,38705644980000.0,10396,149886,0.35810000000000003
DMART,EQ,923.8,923.0,927.65,900.0,901.0,902.3,909.46,372966,33919878695000.0,12453,156977,0.42090000000000005
DMART,EQ,902.3,901.0,910.9,882.4,888.0,889.25,896.18,358608,32137554960000.004,13518,133783,0.37310000000000004
DMART,EQ,889.25,888.8,894.85,871.1,885.0,880.8,882.86,359649,31752060750000.0,13761,149943,0.4169
DMART,EQ,880.8,867.9,903.4,860.0,890.0,890.1,881.23,495041,43624253145000.0,18255,194402,0.39270000000000005
DMART,EQ,890.1,899.85,911.55,892.0,899.2,902.45,902.57,262198,23665189610000.0,11483,110565,0.4217
DMART,EQ,902.45,903.9,917.45,903.0,905.5,907.8,909.26,241073,21919729060000.0,9280,81077,0.33630000000000004
DMART,EQ,907.8,909.95,941.8,906.3,922.0,920.8,926.08,674395,62454467595000.01,24311,160991,0.23870000000000002
DMART,EQ,920.8,917.2,931.8,908.0,924.0,926.25,919.25,401717,36927968900000.0,13098,96089,0.23920000000000002
DMART,EQ,926.25,929.85,948.9,923.15,930.0,927.1,937.25,693305,64980125585000.0,31131,204508,0.295
DMART,EQ,927.1,937.0,968.0,932.0,968.0,958.05,950.3,1103036,104821247390000.0,31967,297978,0.2701
DMART,EQ,958.05,977.0,999.0,967.55,985.0,989.5,988.41,2107260,208282857960000.0,49493,359883,0.17079999999999998
DMART,EQ,989.5,990.8,1019.0,986.0,992.3,994.6,1003.52,1441084,144615590710000.0,54869,403683,0.2801
DMART,EQ,994.6,999.5,1057.0,990.2,1052.9,1046.15,1026.33,1489836,152905795470000.0,45263,343877,0.23079999999999998
DMART,EQ,1046.15,1049.0,1068.2,1026.0,1036.65,1032.85,1049.72,1703113,178779193855000.0,61206,469170,0.2755
DMART,EQ,1032.85,1044.9,1059.0,1041.5,1050.0,1050.9,1051.63,599048,62997482010000.0,31851,203219,0.3392
DMART,EQ,1050.9,1055.8,1055.8,1032.0,1042.5,1039.8,1039.83,495126,51484857180000.0,40428,198401,0.4007
DMART,EQ,1039.8,1045.8,1054.0,1037.0,1044.0,1048.4,1044.96,338544,35376408170000.0,17333,100737,0.29760000000000003
DMART,EQ,1048.4,1045.0,1049.35,1007.4,1025.0,1020.65,1024.28,498521,51062367325000.0,28926,224669,0.4507
DMART,EQ,1020.65,1026.0,1094.7,1026.0,1074.95,1077.7,1068.34,1667985,178197841600000.0,42866,543783,0.326
DMART,EQ,1077.7,1067.0,1103.0,1061.05,1064.0,1066.6,1078.72,1476806,159305605625000.0,52908,442364,0.2995
DMART,EQ,1066.6,1071.0,1090.0,1070.0,1074.1,1076.2,1079.64,510790,55146972415000.0,22589,158625,0.3105
DMART,EQ,1076.2,1081.6,1088.0,1055.0,1070.0,1070.85,1072.95,503514,54024713425000.0,24412,173265,0.34409999999999996
DMART,EQ,1070.85,1079.95,1099.0,1060.25,1089.7,1088.8,1086.47,698741,75915791980000.0,27885,197421,0.28250000000000003
DMART,EQ,1088.8,1096.0,1099.0,1085.0,1089.3,1088.45,1090.74,379312,41373187715000.0,22263,144422,0.38070000000000004
DMART,EQ,1088.45,1095.0,1113.3,1085.0,1091.5,1091.5,1099.6,677114,74455655790000.0,22779,167781,0.24780000000000002
DMART,EQ,1091.5,1093.0,1104.9,1080.4,1090.0,1089.75,1092.28,360997,39430870475000.0,16674,101815,0.282
DMART,EQ,1089.75,1103.35,1119.8,1080.1,1084.0,1087.75,1094.56,1564001,171189818005000.0,44292,938195,0.5999
DMART,EQ,1087.75,1092.5,1099.0,1086.9,1089.55,1089.5,1092.24,360118,39333368300000.0,19154,160608,0.446
DMART,EQ,1089.5,1089.55,1094.95,1073.05,1076.1,1077.55,1081.09,297636,32177096900000.0,17056,134323,0.45130000000000003
DMART,EQ,1077.55,1080.5,1094.0,1070.4,1084.5,1084.75,1082.31,342872,37109347335000.0,16762,116594,0.3401
DMART,EQ,1084.75,1085.0,1088.0,1065.0,1068.5,1069.05,1075.36,281126,30231234130000.0,23393,125007,0.4447
DMART,EQ,1069.05,1067.95,1067.95,1028.8,1039.2,1039.15,1047.79,367612,38518071615000.0,19095,153483,0.4175
DMART,EQ,1039.15,1042.0,1047.6,982.05,1037.8,1029.0,1010.4,541800,54743279825000.0,25724,158857,0.2932
DMART,EQ,1029.0,1060.5,1218.0,1054.25,1107.0,1116.05,1145.6,6738985,772016464635000.0,188279,962509,0.1428
DMART,EQ,1116.05,1116.0,1153.6,1069.05,1075.15,1076.75,1117.74,2905722,324782914655000.0,97146,539492,0.1857
DMART,EQ,1076.75,1077.75,1087.0,1021.3,1037.85,1043.95,1052.73,1545452,162694972455000.0,65371,495818,0.3208
DMART,EQ,1043.95,1049.25,1094.8,1048.9,1086.0,1078.45,1077.36,1633060,175939748890000.0,64368,428122,0.2622
DMART,EQ,1078.45,1095.45,1109.65,1078.8,1102.0,1100.95,1093.82,903689,98847399240000.0,26918,195882,0.2168
DMART,EQ,1100.95,1107.5,1128.7,1087.85,1098.0,1099.35,1105.36,1449647,160237541475000.0,36662,303899,0.2096
DMART,EQ,1099.35,1105.0,1118.0,1092.35,1108.0,1104.0,1105.47,1044277,115441622290000.02,29566,301228,0.28850000000000003
DMART,EQ,1104.0,1110.0,1120.0,1100.0,1106.0,1105.25,1110.76,635948,70638734665000.0,31851,314136,0.494
DMART,EQ,1105.25,1108.5,1126.8,1105.05,1116.4,1116.75,1116.69,773906,86421017530000.0,30035,318349,0.4114
DMART,EQ,1116.75,1124.4,1202.9,1120.1,1193.0,1184.65,1169.94,3365543,393746705260000.0,79790,780270,0.2318
DMART,EQ,1184.65,1201.0,1244.0,1190.0,1222.9,1213.1,1221.92,2717138,332012992365000.0,79162,452192,0.16640000000000002
DMART,EQ,1213.1,1234.0,1279.8,1223.0,1279.8,1268.65,1248.09,2057518,256796929569999.97,50182,368373,0.179
DMART,EQ,1268.65,1285.0,1288.65,1220.0,1234.65,1229.9,1249.3,2507878,313308392080000.0,89810,1001898,0.3995
DMART,EQ,1229.9,1250.0,1275.0,1225.05,1237.0,1232.45,1247.56,2410127,300677451340000.0,65799,672781,0.2791
DMART,EQ,1232.45,1234.0,1241.55,1210.0,1221.8,1220.0,1225.32,793647,97247542880000.0,24072,235848,0.2972
DMART,EQ,1220.0,1217.4,1225.45,1132.15,1161.0,1159.7,1172.74,2368299,277739202110000.0,68146,627523,0.265
DMART,EQ,1159.7,1165.0,1177.7,1162.0,1165.1,1167.4,1169.23,340842,39852122460000.0,12613,112701,0.3307
DMART,EQ,1167.4,1170.0,1175.0,1117.1,1127.0,1126.4,1129.67,1135187,128238810425000.0,55038,412979,0.3638
DMART,EQ,1126.4,1127.0,1148.5,1085.5,1091.3,1092.9,1111.25,1475872,164007005135000.0,59449,513375,0.3478
DMART,EQ,1092.9,1100.0,1160.0,1070.7,1155.0,1143.7,1114.24,1641798,182935532790000.0,59498,515582,0.314
DMART,EQ,1143.7,1160.5,1170.0,1132.55,1142.05,1143.1,1151.52,868267,99982470510000.0,26862,197046,0.22690000000000002
DMART,EQ,1143.1,1148.5,1153.4,1132.55,1138.0,1136.2,1139.93,432640,49317795675000.0,14877,118776,0.2745
DMART,EQ,1136.2,1144.0,1164.8,1144.0,1147.9,1147.9,1152.85,502967,57984784865000.0,16072,179290,0.3565
DMART,EQ,1147.9,1155.0,1155.0,1135.0,1139.95,1140.6,1144.05,280071,32041558250000.0,10796,78026,0.2786
DMART,EQ,1140.6,1146.0,1168.0,1135.05,1149.5,1151.8,1148.01,625587,71817839220000.0,20670,297449,0.4755
DMART,EQ,1151.8,1149.0,1159.8,1140.55,1148.75,1149.45,1150.08,320292,36836010935000.0,12140,103970,0.3246
DMART,EQ,1149.45,1151.9,1152.9,1122.4,1126.1,1129.15,1137.94,281650,32049970950000.0,11475,135328,0.4805
DMART,EQ,1129.15,1129.0,1140.4,1119.0,1127.5,1125.5,1128.13,322646,36398642040000.0,17650,132927,0.41200000000000003
DMART,EQ,1125.5,1129.95,1132.05,1095.0,1100.0,1100.2,1108.29,507726,56270531720000.01,19687,233435,0.4598
DMART,EQ,1100.2,1108.8,1133.0,1078.0,1105.0,1098.05,1111.72,568189,63166760000000.0,28534,218462,0.38450000000000006
DMART,EQ,1098.05,1106.95,1132.0,1106.1,1120.0,1122.2,1119.32,429197,48040937225000.0,23491,168534,0.39270000000000005
DMART,EQ,1122.2,1122.0,1170.0,1115.0,1166.8,1159.65,1147.39,895299,102726063530000.0,30805,343334,0.3835
DMART,EQ,1159.65,1166.0,1179.95,1156.15,1160.3,1160.95,1169.47,593853,69449119779999.99,20933,225509,0.3797
DMART,EQ,1160.95,1162.9,1164.0,1118.0,1122.15,1122.15,1132.84,546437,61902787925000.0,29404,275870,0.5049
DMART,EQ,1122.15,1122.8,1122.8,1093.05,1098.0,1098.4,1104.06,452771,49988799340000.0,20514,203563,0.4496
DMART,EQ,1098.4,1103.2,1123.0,1103.2,1114.0,1112.6,1113.89,320691,35721464630000.0,17049,132578,0.41340000000000005
DMART,EQ,1112.6,1120.2,1131.8,1098.05,1108.0,1106.05,1108.89,627174,69546396145000.01,26075,320768,0.5114
DMART,EQ,1106.05,1110.0,1118.9,1103.35,1105.95,1106.15,1109.07,189756,21045281295000.0,10076,73862,0.38920000000000005
DMART,EQ,1106.15,1110.1,1124.8,1105.35,1109.0,1112.3,1114.63,396018,44141432185000.0,18917,177614,0.4485
DMART,EQ,1112.3,1115.1,1143.9,1115.1,1138.5,1137.8,1132.43,630300,71376909530000.0,23028,237641,0.37700000000000006
DMART,EQ,1137.8,1143.4,1156.0,1131.0,1146.3,1146.3,1146.33,578321,66294419550000.0,20798,201172,0.3479
DMART,EQ,1146.3,1152.0,1163.0,1145.1,1147.0,1149.9,1154.43,500452,57773790465000.0,14824,173737,0.3472
DMART,EQ,1149.9,1140.1,1149.0,1122.4,1129.0,1129.85,1134.72,217757,24709343855000.0,7940,84551,0.3883
DMART,EQ,1129.85,1133.8,1141.1,1115.0,1140.0,1128.25,1129.92,248227,28047712230000.0,11846,111907,0.4508
DMART,EQ,1128.25,1138.0,1147.0,1122.85,1124.0,1125.55,1131.54,235348,26630533895000.0,10956,94185,0.40020000000000006
DMART,EQ,1125.55,1124.0,1157.7,1110.85,1113.0,1118.1,1130.78,482312,54538828379999.99,16870,128850,0.2672
DMART,EQ,1118.1,1123.8,1139.0,1110.0,1116.05,1114.4,1127.28,311788,35147087100000.0,12308,116421,0.37340000000000007
DMART,EQ,1114.4,1119.8,1161.0,1093.0,1155.0,1150.7,1130.35,865823,97868576885000.0,25711,326953,0.3776
DMART,EQ,1150.7,1155.6,1160.0,1126.6,1131.2,1133.35,1140.85,466932,53270140150000.0,15233,146084,0.3129
DMART,EQ,1133.35,1129.7,1139.0,1111.0,1120.0,1123.95,1124.64,325570,36614778275000.0,10916,115758,0.3556
DMART,EQ,1123.95,1125.0,1178.0,1124.5,1146.0,1142.4,1140.14,3369105,384124361175000.0,34203,2359457,0.7003
DMART,EQ,1142.4,1145.1,1162.0,1128.0,1130.0,1132.55,1141.78,668356,76311290380000.0,17717,302358,0.4524
DMART,EQ,1132.55,1138.0,1143.9,1121.0,1127.0,1127.4,1130.62,353164,39929430565000.0,14066,128802,0.36469999999999997
DMART,EQ,1127.4,1130.4,1130.8,1113.6,1114.85,1115.75,1122.11,364243,40872032965000.0,13050,199792,0.5485
DMART,EQ,1115.75,1115.0,1131.7,1103.0,1110.0,1108.0,1117.33,385231,43042959485000.0,17627,168580,0.4376
DMART,EQ,1108.0,1115.0,1118.0,1096.25,1104.5,1104.2,1103.83,467433,51596470880000.0,17832,212324,0.45420000000000005
DMART,EQ,1104.2,1114.95,1129.9,1102.35,1121.5,1121.8,1116.47,484592,54103414900000.0,15504,208116,0.42950000000000005
DMART,EQ,1121.8,1109.0,1139.0,1083.0,1137.0,1135.25,1125.06,506810,57019340120000.01,18699,171445,0.3383
DMART,EQ,1135.25,1137.05,1150.0,1125.0,1143.5,1146.0,1139.34,376958,42948391045000.0,11154,158066,0.4193
DMART,EQ,1146.0,1146.0,1158.6,1136.05,1143.0,1143.0,1147.56,306343,35154678905000.0,10971,109512,0.3575
DMART,EQ,1143.0,1140.0,1160.0,1140.0,1154.0,1155.6,1150.64,430141,49493736945000.0,18681,216561,0.5035000000000001
DMART,EQ,1155.6,1157.8,1171.5,1146.6,1150.0,1151.1,1156.66,401234,46409068945000.0,13722,146125,0.3642
DMART,EQ,1151.1,1150.0,1157.0,1144.25,1150.0,1150.15,1149.28,231395,26593687905000.0,16180,100824,0.43570000000000003
DMART,EQ,1150.15,1151.0,1169.0,1140.2,1143.0,1146.35,1155.82,298298,34477749335000.004,9797,92725,0.31079999999999997
DMART,EQ,1146.35,1147.35,1158.0,1142.0,1150.05,1148.35,1149.67,208198,23935955385000.0,10598,70508,0.3387
DMART,EQ,1148.35,1148.0,1194.45,1148.0,1178.5,1181.35,1177.19,1033292,121638018495000.0,25883,409635,0.39640000000000003
DMART,EQ,1181.35,1188.3,1193.25,1166.0,1172.5,1170.5,1181.71,334392,39515595480000.0,9339,131250,0.3925
DMART,EQ,1170.5,1173.7,1178.2,1155.6,1160.7,1160.0,1164.69,302709,35256314695000.0,9423,98217,0.3245
DMART,EQ,1160.0,1162.7,1204.4,1160.0,1184.0,1184.55,1184.91,580610,68797194210000.0,18731,146459,0.2523
DMART,EQ,1184.55,1187.85,1215.0,1186.0,1199.5,1203.1,1204.56,707905,85271298250000.0,20998,192081,0.2713
DMART,EQ,1203.1,1210.1,1268.0,1208.55,1243.0,1243.4,1242.6,1244328,154620629380000.0,39621,375646,0.3019
DMART,EQ,1243.4,1250.0,1259.95,1222.0,1225.0,1226.8,1238.54,520902,64515541795000.01,27178,213747,0.4103
DMART,EQ,1226.8,1232.95,1246.0,1212.7,1231.0,1234.1,1231.89,479684,59091719490000.0,17732,145917,0.3042
DMART,EQ,1234.1,1245.05,1283.9,1230.0,1249.0,1249.3,1257.02,849877,106830852300000.0,26078,180367,0.2122
DMART,EQ,1249.3,1254.0,1274.5,1238.0,1247.0,1245.5,1255.9,489609,61489778250000.0,15552,156092,0.3188
DMART,EQ,1245.5,1250.1,1260.0,1226.55,1237.0,1234.6,1245.03,439434,54711026104999.99,10354,209481,0.4767
DMART,EQ,1234.6,1236.9,1245.0,1224.0,1225.1,1228.85,1235.81,283764,35067786880000.0,12037,107137,0.3776
DMART,EQ,1228.85,1232.8,1237.95,1152.0,1186.5,1187.0,1202.74,409503,49252620830000.0,19670,188023,0.45909999999999995
DMART,EQ,1187.0,1183.0,1189.0,1159.0,1164.0,1167.35,1168.38,518237,60549617540000.0,19654,247702,0.478
DMART,EQ,1167.35,1175.0,1180.0,1126.6,1135.0,1135.45,1152.56,471953,54395309385000.0,21255,233602,0.495
DMART,EQ,1135.45,1138.8,1154.0,1126.0,1144.4,1144.35,1143.3,240807,27531553130000.0,8467,92963,0.386
DMART,EQ,1144.35,1149.0,1186.7,1147.05,1179.0,1176.3,1172.2,487998,57202917335000.0,15692,154537,0.31670000000000004
DMART,EQ,1176.3,1182.0,1190.0,1161.6,1166.25,1169.2,1176.57,301434,35465770070000.0,10067,114874,0.3811
DMART,EQ,1169.2,1170.0,1174.8,1130.4,1147.0,1142.15,1153.6,396369,45725064395000.0,16909,179827,0.4537
DMART,EQ,1142.15,1150.0,1174.35,1140.2,1166.0,1159.3,1162.4,553178,64301575865000.0,20297,222938,0.40299999999999997
DMART,EQ,1159.3,1200.0,1263.8,1175.0,1179.0,1181.9,1218.57,3086852,376155219710000.0,89849,856595,0.2775
DMART,EQ,1181.9,1180.7,1212.6,1150.0,1183.35,1184.6,1181.12,992399,117214410520000.0,28966,193866,0.1954
DMART,EQ,1184.6,1180.0,1210.0,1172.05,1179.5,1179.65,1191.97,750588,89467946310000.0,32636,237782,0.3168
DMART,EQ,1179.65,1185.0,1205.9,1167.0,1176.5,1174.3,1185.09,477292,56563211129999.99,16082,124065,0.25989999999999996
DMART,EQ,1174.3,1162.8,1165.0,1108.0,1134.0,1135.1,1142.34,595510,68027523370000.01,29880,233185,0.39159999999999995
DMART,EQ,1135.1,1122.05,1134.5,1081.35,1119.0,1117.3,1112.34,544060,60518023915000.0,22693,155103,0.2851
DMART,EQ,1117.3,1075.0,1119.0,1060.1,1105.15,1105.7,1093.77,706200,77241739690000.0,27365,214134,0.3032
DMART,EQ,1105.7,1127.8,1134.7,1120.0,1120.4,1122.65,1124.78,267181,30052020930000.0,11514,95255,0.3565
DMART,EQ,1122.65,1129.0,1174.0,1125.05,1174.0,1165.55,1156.48,493415,57062572560000.0,16268,214809,0.4354
DMART,EQ,1165.55,1149.95,1195.0,1130.0,1180.0,1177.8,1171.94,469818,55059639175000.0,14680,111502,0.2373
DMART,EQ,1177.8,1189.0,1199.5,1180.05,1185.4,1187.2,1189.55,241765,28759198760000.004,11455,79564,0.32909999999999995
DMART,EQ,1187.2,1196.6,1208.25,1182.1,1193.0,1201.4,1195.51,426463,50984157275000.0,15714,143271,0.336
DMART,EQ,1201.4,1206.95,1207.0,1180.45,1184.05,1183.95,1191.89,269802,32157513064999.996,15005,104184,0.3861
DMART,EQ,1183.95,1188.8,1191.3,1170.1,1174.0,1173.5,1176.68,199767,23506170280000.0,7688,51023,0.2554
DMART,EQ,1173.5,1179.0,1179.0,1162.0,1170.0,1168.9,1167.72,224464,26211110900000.0,8895,70669,0.3148
DMART,EQ,1168.9,1174.8,1189.7,1165.2,1185.0,1186.8,1179.92,293782,34663951289999.996,10535,93204,0.3173
DMART,EQ,1186.8,1191.8,1251.0,1182.3,1248.0,1237.8,1219.19,1209483,147459107520000.0,40830,391316,0.3235
DMART,EQ,1237.8,1244.7,1257.0,1225.2,1240.0,1240.65,1240.54,559675,69429915470000.01,22371,176388,0.3152
DMART,EQ,1240.65,1250.0,1306.0,1250.0,1301.4,1300.25,1286.84,1724635,221932217660000.0,59530,481782,0.27940000000000004
DMART,EQ,1300.25,1312.0,1327.35,1286.1,1291.2,1291.2,1308.26,856069,111995732905000.0,38637,313931,0.3667
DMART,EQ,1291.2,1291.2,1369.0,1286.0,1367.0,1354.7,1336.35,1794604,239822597980000.03,47439,401006,0.22350000000000003
DMART,EQ,1354.7,1354.0,1387.0,1330.5,1352.0,1348.15,1363.47,1695261,231144192550000.0,64466,405144,0.239
DMART,EQ,1348.15,1353.1,1365.5,1305.05,1312.0,1314.25,1330.26,801383,106604830555000.0,38217,256989,0.3207
DMART,EQ,1314.25,1309.5,1338.0,1290.1,1312.1,1314.3,1311.19,698817,91627918965000.0,24840,196519,0.2812
DMART,EQ,1314.3,1320.0,1365.1,1312.2,1326.0,1327.15,1344.91,1162430,156336697670000.0,40759,226353,0.19469999999999998
DMART,EQ,1327.15,1325.0,1332.85,1287.25,1302.5,1298.8,1313.04,620343,81453416035000.0,22933,183280,0.2954
DMART,EQ,1298.8,1313.15,1325.0,1270.6,1294.9,1293.15,1295.22,609548,78949827300000.0,30834,182086,0.2987
DMART,EQ,1293.15,1300.0,1328.4,1281.0,1300.0,1306.55,1309.33,805817,105508197120000.0,25285,212964,0.2643
DMART,EQ,1306.55,1316.1,1336.7,1308.1,1314.0,1315.65,1321.97,524560,69345520204999.99,20718,143891,0.2743
DMART,EQ,1315.65,1312.5,1344.8,1312.0,1339.1,1337.9,1329.51,529862,70445819085000.0,19352,169016,0.319
DMART,EQ,1337.9,1336.0,1363.9,1327.0,1342.0,1345.2,1349.05,743796,100341859095000.0,27364,180677,0.2429
DMART,EQ,1345.2,1341.0,1367.0,1335.0,1360.05,1359.8,1356.21,630902,85563823880000.0,20355,137830,0.21850000000000003
DMART,EQ,1359.8,1359.8,1377.85,1347.85,1366.85,1365.8,1362.98,1177277,160460113065000.0,27916,657647,0.5586
DMART,EQ,1365.8,1368.0,1385.0,1328.0,1341.0,1342.55,1353.51,862762,116775442875000.0,29172,338120,0.39189999999999997
DMART,EQ,1342.55,1330.0,1350.0,1262.0,1345.05,1346.5,1329.92,754220,100305570885000.0,26367,219979,0.2917
DMART,EQ,1346.5,1350.0,1354.85,1331.55,1339.0,1339.6,1343.17,485353,65191152625000.0,20142,156498,0.3224
DMART,EQ,1339.6,1340.0,1345.7,1311.05,1320.1,1320.45,1327.08,501773,66589157554999.99,17400,240523,0.4793
DMART,EQ,1320.45,1297.7,1299.75,1275.75,1278.0,1281.1,1287.2,521909,67179924979999.99,28095,256663,0.4918
DMART,EQ,1281.1,1288.0,1352.0,1282.5,1335.0,1341.45,1320.31,841975,111166842420000.0,28058,338416,0.4019
DMART,EQ,1341.45,1351.95,1366.0,1345.05,1353.0,1355.2,1356.54,502854,68214284275000.0,25425,215084,0.4277
DMART,EQ,1355.2,1345.0,1350.0,1310.0,1312.0,1324.8,1330.83,597115,79466031985000.0,23568,358870,0.601
DMART,EQ,1324.8,1328.8,1393.0,1326.35,1345.0,1357.3,1361.65,1129225,153761156435000.0,36911,445517,0.3945
DMART,EQ,1357.3,1336.7,1371.4,1332.65,1364.5,1364.3,1357.5,543718,73809757645000.0,23488,156074,0.287
DMART,EQ,1364.3,1369.3,1385.2,1350.0,1362.15,1359.15,1368.94,682255,93396761425000.0,28497,209295,0.3068
DMART,EQ,1359.15,1377.8,1410.0,1371.3,1401.0,1401.3,1396.52,1261502,176171068365000.0,43308,337620,0.2676
DMART,EQ,1401.3,1400.0,1424.0,1385.0,1417.05,1419.85,1410.33,966666,136331575484999.98,32987,226933,0.2348
DMART,EQ,1419.85,1412.0,1444.4,1412.0,1440.0,1440.5,1431.48,698935,100051210905000.0,29457,194421,0.2782
DMART,EQ,1440.5,1445.5,1494.8,1445.5,1487.7,1488.85,1476.5,1451168,214264506575000.0,48842,323208,0.2227
DMART,EQ,1488.85,1500.0,1514.0,1465.0,1470.0,1473.0,1486.76,1015133,150925520375000.0,37727,308193,0.3036
DMART,EQ,1473.0,1470.1,1487.3,1460.1,1469.0,1471.25,1473.62,543880,80147289655000.0,24162,134426,0.2472
DMART,EQ,1471.25,1471.15,1489.8,1465.0,1469.8,1469.1,1477.02,428624,63308627865000.0,22419,129901,0.3031
DMART,EQ,1469.1,1461.05,1485.0,1460.0,1484.9,1481.4,1477.06,410782,60674976715000.0,20039,135021,0.3287
DMART,EQ,1481.4,1490.05,1518.3,1482.0,1494.25,1506.8,1499.28,960273,143971463985000.0,37811,375775,0.39130000000000004
DMART,EQ,1506.8,1498.0,1508.0,1485.25,1494.0,1492.65,1498.24,434205,65054207240000.0,18686,147512,0.3397
DMART,EQ,1492.65,1498.45,1500.0,1483.25,1487.0,1488.65,1490.35,272360,40591215040000.0,12676,113614,0.4171
DMART,EQ,1488.65,1482.5,1491.0,1468.0,1475.45,1475.4,1476.99,259880,38384120585000.0,13649,110311,0.42450000000000004
DMART,EQ,1475.4,1475.0,1496.4,1475.0,1489.5,1489.5,1487.97,374689,55752455100000.0,25846,186671,0.49820000000000003
DMART,EQ,1489.5,1494.4,1496.5,1473.1,1474.0,1475.75,1480.07,354315,52441193935000.0,28574,208098,0.5872999999999999
DMART,EQ,1475.75,1472.85,1499.9,1466.1,1478.0,1480.25,1486.67,590984,87859659330000.0,21580,310965,0.5262
DMART,EQ,1480.25,1483.0,1491.3,1468.0,1473.9,1474.35,1475.99,780443,115192881134999.98,22647,605475,0.7758
DMART,EQ,1474.35,1487.8,1495.75,1478.3,1483.7,1483.0,1486.58,535094,79546112025000.0,15773,358298,0.6696
DMART,EQ,1483.0,1493.0,1534.6,1485.9,1489.7,1490.65,1506.37,1364434,205534238385000.0,59412,756316,0.5543
DMART,EQ,1490.65,1500.1,1509.7,1489.0,1498.0,1495.85,1498.36,428795,64249051270000.01,21398,221845,0.5174000000000001
DMART,EQ,1495.85,1495.0,1504.0,1475.1,1490.0,1492.3,1491.78,451392,67337948225000.0,27772,237796,0.5268
DMART,EQ,1492.3,1492.0,1499.65,1480.35,1487.95,1486.8,1490.78,429322,64002433029999.99,61766,244738,0.5700999999999999
DMART,EQ,1486.8,1460.0,1484.85,1436.05,1464.25,1465.0,1459.57,1502803,219344683475000.0,52124,367016,0.24420000000000003
DMART,EQ,1465.0,1478.0,1479.7,1455.0,1466.0,1467.15,1468.74,325900,47866300120000.0,15359,112183,0.3442
DMART,EQ,1467.15,1466.0,1466.0,1444.0,1446.5,1447.75,1452.06,452921,65766670879999.99,18053,265169,0.5855
DMART,EQ,1447.75,1445.0,1479.0,1401.7,1452.0,1456.45,1440.65,1369236,197258675315000.0,52715,513537,0.3751
DMART,EQ,1456.45,1458.0,1495.95,1446.5,1456.0,1453.9,1469.29,658025,96682703425000.0,29369,221722,0.337
DMART,EQ,1453.9,1461.2,1473.0,1416.0,1423.85,1425.2,1443.85,502361,72533524085000.0,25729,288255,0.5738000000000001
DMART,EQ,1425.2,1434.9,1518.8,1434.0,1489.0,1485.45,1492.28,2769439,413277182985000.0,87385,1508546,0.5447
DMART,EQ,1485.45,1481.0,1500.0,1477.0,1494.95,1494.95,1494.09,1382741,206593278395000.0,86751,971026,0.7022
DMART,EQ,1494.95,1502.5,1513.0,1487.0,1495.0,1495.0,1496.58,1065330,159435141125000.0,47318,675716,0.6343
DMART,EQ,1495.0,1495.0,1503.0,1375.95,1419.5,1417.2,1434.4,3111215,446271542230000.0,110471,1111282,0.3572
DMART,EQ,1417.2,1414.0,1414.0,1333.1,1356.0,1345.45,1358.48,1891905,257012079775000.0,86898,898438,0.47490000000000004
DMART,EQ,1345.45,1345.35,1398.0,1345.35,1384.0,1380.55,1376.62,1443420,198704102610000.0,64885,661961,0.4586
DMART,EQ,1380.55,1390.0,1399.95,1347.2,1355.0,1358.75,1364.86,1200347,163830332035000.0,51814,616180,0.5133
DMART,EQ,1358.75,1357.0,1450.0,1344.95,1423.0,1409.9,1405.32,3580799,503216369635000.06,113922,1050048,0.2932
DMART,EQ,1409.9,1427.9,1506.0,1420.0,1502.0,1497.55,1476.93,3256787,481005242180000.0,121769,1112497,0.34159999999999996
DMART,EQ,1497.55,1507.0,1530.0,1500.0,1530.0,1528.9,1523.47,1945468,296386833590000.0,79372,1011009,0.5197
DMART,EQ,1528.9,1534.9,1553.95,1490.0,1544.0,1544.05,1525.18,1145537,174714619885000.0,61230,389936,0.3404
DMART,EQ,1544.05,1544.0,1571.7,1544.0,1565.5,1565.95,1557.7,1763571,274710620250000.0,78879,823626,0.467
DMART,EQ,1565.95,1574.7,1611.0,1506.5,1530.0,1572.15,1570.58,14993077,2354788254365000.0,193038,11800144,0.787
DMART,EQ,1572.15,1538.7,1563.0,1522.5,1530.9,1531.1,1541.71,1002870,154613127950000.0,47447,420210,0.419
DMART,EQ,1531.1,1534.05,1544.4,1482.4,1483.5,1486.4,1505.32,1084158,163200270945000.0,70852,544910,0.5025999999999999
DMART,EQ,1486.4,1483.4,1499.0,1426.15,1452.05,1453.75,1468.43,1286074,188851265995000.0,75393,613215,0.4768
DMART,EQ,1453.75,1461.8,1530.0,1434.6,1528.5,1519.55,1496.22,1161863,173840421120000.0,52410,409112,0.3521
DMART,EQ,1519.55,1530.0,1562.0,1529.05,1557.65,1555.55,1550.1,557719,86452282910000.0,27408,161849,0.2902
DMART,EQ,1555.55,1547.0,1599.0,1535.0,1595.1,1593.55,1577.25,1045556,164910310615000.0,39038,268791,0.2571
DMART,EQ,1593.55,1601.0,1618.8,1584.0,1591.0,1594.4,1602.28,846296,135599963855000.0,36268,297911,0.35200000000000004
DMART,EQ,1594.4,1600.0,1610.0,1591.0,1606.2,1607.95,1605.13,555328,89137466895000.0,30980,222561,0.4008
DMART,EQ,1607.95,1610.0,1623.0,1588.3,1598.5,1595.85,1602.3,377920,60554161404999.99,22507,127950,0.3386
DMART,EQ,1595.85,1592.0,1595.0,1559.0,1564.7,1568.5,1574.06,600354,94499387965000.0,33977,272743,0.4543
DMART,EQ,1568.5,1551.8,1554.7,1527.1,1531.0,1535.35,1539.07,758011,116663470334999.98,35877,286337,0.37770000000000004
DMART,EQ,1535.35,1515.0,1546.5,1502.0,1521.1,1523.65,1527.04,577068,88120731410000.0,25658,141133,0.2446
DMART,EQ,1523.65,1517.0,1524.8,1480.35,1483.0,1485.05,1498.71,627824,94092761900000.0,42706,241215,0.38420000000000004
DMART,EQ,1485.05,1488.15,1501.2,1474.0,1475.0,1483.75,1491.1,367314,54770265740000.0,21411,148768,0.405
DMART,EQ,1483.75,1487.0,1514.9,1476.0,1490.25,1490.35,1496.35,660901,98894231980000.0,28461,182476,0.2761
DMART,EQ,1490.35,1496.0,1504.7,1486.05,1492.0,1494.25,1495.14,355963,53221302860000.0,18918,128444,0.3608
DMART,EQ,1494.25,1490.8,1503.0,1475.5,1478.45,1480.5,1488.96,335682,49981552520000.0,23819,134570,0.40090000000000003
DMART,EQ,1480.5,1480.0,1489.0,1462.1,1467.0,1468.25,1478.25,292299,43209136425000.0,20697,123867,0.4238
DMART,EQ,1468.25,1469.7,1486.0,1428.1,1451.0,1452.5,1459.27,448860,65500604075000.0,32940,182642,0.4069
DMART,EQ,1452.5,1455.8,1458.1,1420.0,1429.1,1435.45,1435.07,431454,61916693365000.0,26403,205014,0.47520000000000007
DMART,EQ,1435.45,1438.6,1495.4,1438.6,1487.0,1485.4,1473.29,612439,90230217130000.0,27796,303030,0.49479999999999996
DMART,EQ,1485.4,1495.95,1549.0,1495.95,1528.15,1525.9,1524.01,916601,139691278970000.0,57878,365460,0.3987
DMART,EQ,1525.9,1531.65,1539.95,1505.5,1518.0,1521.95,1525.13,353842,53965647340000.0,16524,98580,0.2786
DMART,EQ,1521.95,1523.7,1557.95,1523.0,1543.0,1538.3,1543.86,749317,115683683940000.02,38469,385594,0.5146000000000001
DMART,EQ,1538.3,1549.0,1561.0,1536.55,1545.05,1546.45,1548.12,547315,84731101330000.0,36332,282417,0.516
DMART,EQ,1546.45,1547.0,1580.0,1544.4,1571.5,1568.25,1569.48,782281,122777194934999.98,32098,386469,0.494
DMART,EQ,1568.25,1578.1,1588.0,1550.0,1568.0,1563.85,1563.06,428715,67010846990000.0,24973,171435,0.39990000000000003
DMART,EQ,1563.85,1578.4,1603.0,1572.2,1596.1,1598.1,1593.87,579803,92412973110000.0,29378,278722,0.4807
DMART,EQ,1598.1,1596.7,1603.7,1587.65,1599.0,1595.95,1594.68,440488,70243779404999.99,33054,215664,0.48960000000000004
DMART,EQ,1595.95,1601.0,1606.0,1580.1,1584.95,1587.75,1590.84,229303,36478510055000.0,9359,62327,0.2718
DMART,EQ,1587.75,1591.0,1591.4,1551.9,1576.05,1576.0,1567.76,335696,52628987420000.0,29874,122336,0.3644
DMART,EQ,1576.0,1575.9,1576.0,1542.0,1547.0,1548.05,1556.94,202405,31513258885000.004,9892,80408,0.3973
DMART,EQ,1548.05,1547.0,1574.95,1542.1,1560.0,1561.65,1560.68,285037,44485098935000.0,16465,150691,0.5287
DMART,EQ,1561.65,1565.1,1574.9,1531.0,1551.05,1551.8,1552.41,307206,47690871325000.0,18156,142006,0.4623
DMART,EQ,1551.8,1552.0,1559.4,1512.7,1523.0,1522.0,1532.42,302530,46360233465000.0,21358,159928,0.5286
DMART,EQ,1522.0,1526.5,1538.0,1506.0,1516.0,1521.5,1522.68,284746,43357565685000.0,17788,135397,0.4755
DMART,EQ,1521.5,1523.8,1558.0,1523.0,1528.0,1531.6,1538.71,468235,72047770200000.0,23459,188117,0.4018
DMART,EQ,1531.6,1540.0,1584.95,1535.0,1564.9,1571.65,1568.88,730751,114646010650000.0,39801,370117,0.5065
DMART,EQ,1571.65,1577.0,1589.7,1557.05,1562.0,1563.05,1571.36,295399,46417731185000.0,16455,133336,0.4514
DMART,EQ,1563.05,1566.0,1569.65,1540.0,1560.0,1556.6,1553.15,276066,42877054270000.0,13135,137286,0.49729999999999996
DMART,EQ,1556.6,1564.0,1572.0,1552.0,1565.85,1566.7,1564.31,204509,31991614300000.0,8543,64842,0.3171
DMART,EQ,1566.7,1573.3,1599.8,1562.05,1598.0,1594.85,1583.69,624318,98872354695000.0,19268,235390,0.37700000000000006
DMART,EQ,1594.85,1625.0,1664.55,1625.0,1653.6,1654.9,1648.52,1614643,266176499340000.0,73216,536596,0.3323
DMART,EQ,1654.9,1655.0,1675.0,1641.5,1674.65,1669.7,1661.03,709222,117803917434999.98,31220,292927,0.413
DMART,EQ,1669.7,1676.0,1680.0,1635.0,1655.0,1656.35,1658.94,368789,61179805429999.99,17370,104029,0.2821
DMART,EQ,1656.35,1664.0,1666.7,1643.35,1646.0,1650.75,1654.07,244485,40439413705000.0,11629,115068,0.4707
DMART,EQ,1650.75,1657.8,1657.8,1626.3,1632.0,1635.55,1636.66,266378,43597048280000.0,21461,115151,0.43229999999999996
DMART,EQ,1635.55,1636.0,1642.0,1620.05,1622.5,1624.85,1629.22,202687,33022172050000.0,16705,90873,0.4483
DMART,EQ,1624.85,1626.0,1643.3,1615.0,1618.7,1627.85,1628.57,322416,52507625415000.0,21923,182385,0.5657
DMART,EQ,1627.85,1633.8,1639.8,1609.0,1611.1,1613.2,1619.59,537932,87123035320000.0,29738,389584,0.7242000000000001
DMART,EQ,1613.2,1613.0,1628.0,1586.65,1590.9,1589.4,1608.13,430515,69232201475000.0,37251,194417,0.4516
DMART,EQ,1589.4,1587.9,1587.9,1556.0,1563.95,1566.05,1570.82,286536,45009623020000.0,26950,163109,0.5692
DMART,EQ,1566.05,1570.8,1597.2,1560.0,1575.0,1571.6,1581.11,393448,62208349735000.0,26680,153253,0.3895
DMART,EQ,1571.6,1570.0,1584.4,1561.0,1567.95,1563.55,1570.57,312923,49146819845000.0,26919,168227,0.5376
DMART,EQ,1563.55,1568.0,1634.4,1564.7,1631.0,1616.7,1602.73,924064,148102894350000.0,35475,308046,0.33340000000000003
DMART,EQ,1616.7,1640.0,1640.0,1598.0,1605.0,1614.15,1621.99,352913,57241986815000.0,30592,154440,0.4376
DMART,EQ,1614.15,1599.0,1599.9,1581.25,1589.9,1587.5,1591.5,281703,44833071490000.0,19926,108731,0.386
DMART,EQ,1587.5,1591.4,1599.95,1551.0,1554.0,1554.85,1566.76,502323,78702004595000.0,38232,285459,0.5683
DMART,EQ,1554.85,1560.0,1583.9,1551.6,1560.0,1559.7,1568.96,419647,65841144070000.01,26893,138730,0.3306
DMART,EQ,1559.7,1569.0,1608.0,1561.0,1581.9,1588.1,1589.99,829800,131937483309999.98,33198,288042,0.3471
DMART,EQ,1588.1,1589.0,1598.0,1578.0,1592.0,1592.45,1590.92,319442,50820803090000.0,22265,126516,0.3961
DMART,EQ,1592.45,1592.0,1623.0,1575.1,1596.0,1603.1,1599.99,1145849,183334531630000.0,28342,370449,0.3233
DMART,EQ,1603.1,1602.0,1602.0,1582.5,1591.8,1591.8,1591.82,268281,42705399665000.0,12293,113166,0.4218
DMART,EQ,1591.8,1591.9,1614.9,1585.25,1604.85,1604.5,1601.77,428424,68623478704999.99,20025,162824,0.3801
DMART,EQ,1604.5,1613.4,1620.0,1590.0,1593.0,1604.65,1607.72,507075,81523295420000.0,25624,260950,0.5146000000000001
DMART,EQ,1604.65,1595.0,1599.7,1565.0,1573.4,1573.4,1580.88,298697,47220317405000.0,20642,155243,0.5197
DMART,EQ,1573.4,1569.0,1586.95,1549.0,1564.5,1564.3,1564.71,322821,50512132975000.0,33324,145152,0.4496
DMART,EQ,1564.3,1564.0,1579.45,1542.95,1570.0,1560.5,1558.61,395596,61658113210000.0,26036,176677,0.4466
DMART,EQ,1560.5,1570.0,1590.0,1555.0,1558.0,1561.2,1570.55,429987,67531616490000.0,24971,159303,0.3705
DMART,EQ,1561.2,1558.0,1573.75,1434.0,1519.0,1526.4,1538.86,397261,61132834750000.0,21560,187293,0.4715
DMART,EQ,1526.4,1525.0,1548.9,1501.0,1509.25,1506.8,1516.9,490228,74362601375000.0,19329,135878,0.2772
DMART,EQ,1506.8,1509.0,1539.0,1490.95,1523.0,1522.6,1516.0,334489,50708550545000.0,20469,115933,0.34659999999999996
DMART,EQ,1522.6,1533.0,1548.95,1516.6,1537.0,1535.15,1530.73,338650,51838011115000.0,17715,168152,0.4965
DMART,EQ,1535.15,1534.0,1541.5,1512.0,1523.5,1524.8,1526.08,225106,34353010035000.004,13265,95652,0.42490000000000006
DMART,EQ,1524.8,1525.0,1549.9,1520.5,1533.9,1534.7,1534.7,325924,50019421515000.0,15860,167306,0.5133
DMART,EQ,1534.7,1540.0,1544.45,1502.0,1515.0,1515.15,1520.24,311397,47339964365000.0,12922,142302,0.457
DMART,EQ,1515.15,1526.9,1530.15,1429.0,1512.0,1501.85,1492.12,706967,105487632310000.0,32494,372263,0.5266
DMART,EQ,1501.85,1505.0,1509.95,1445.6,1448.6,1450.75,1462.5,384113,56176573195000.01,19417,186156,0.48460000000000003
DMART,EQ,1450.75,1450.75,1458.5,1415.0,1433.0,1427.15,1432.91,451227,64656825785000.0,20399,189556,0.4201
DMART,EQ,1427.15,1460.0,1460.0,1415.0,1415.1,1420.8,1433.51,298196,42746813980000.0,19439,120612,0.4045
DMART,EQ,1420.8,1422.0,1439.8,1381.0,1411.05,1404.75,1409.99,325965,45960738760000.0,21523,134539,0.41270000000000007
DMART,EQ,1404.75,1407.0,1424.85,1340.25,1396.0,1395.95,1379.95,501111,69150708285000.0,26233,195737,0.39060000000000006
DMART,EQ,1395.95,1390.0,1390.0,1320.0,1342.75,1348.75,1349.85,613637,82831596390000.0,35574,234531,0.3822
DMART,EQ,1348.75,1340.0,1360.9,1288.0,1289.0,1301.4,1328.4,535074,71078969040000.0,34219,249980,0.4672
DMART,EQ,1301.4,1275.0,1370.0,1240.2,1350.0,1346.35,1298.9,1569172,203819469505000.0,86362,593753,0.37840000000000007
DMART,EQ,1346.35,1348.9,1392.7,1311.25,1318.9,1331.2,1354.41,564118,76404531485000.0,31156,146109,0.259
DMART,EQ,1331.2,1332.0,1346.7,1280.2,1300.55,1304.9,1316.61,557430,73391662585000.0,42825,213284,0.3826
DMART,EQ,1304.9,1305.0,1385.0,1283.1,1376.0,1372.5,1340.48,686111,91971693820000.0,27116,227639,0.3318
DMART,EQ,1372.5,1365.0,1385.95,1356.4,1371.65,1374.4,1373.85,581933,79948746840000.0,42378,305825,0.5255
DMART,EQ,1374.4,1343.0,1368.0,1300.0,1325.4,1326.1,1337.87,479252,64117487000000.0,26343,170074,0.35490000000000005
DMART,EQ,1326.1,1345.0,1421.0,1341.0,1414.9,1411.7,1386.01,899147,124622845984999.98,50111,331241,0.36840000000000006
DMART,EQ,1411.7,1334.8,1359.0,1306.15,1323.7,1329.75,1331.39,2056672,273823813705000.03,122072,572830,0.2785
DMART,EQ,1329.75,1330.0,1347.95,1325.0,1334.0,1336.95,1335.32,678083,90545698585000.0,38728,245508,0.36210000000000003
DMART,EQ,1336.95,1344.9,1354.0,1300.0,1304.0,1308.65,1330.59,549534,73120644315000.0,26721,201754,0.36710000000000004
DMART,EQ,1308.65,1300.0,1300.3,1226.0,1231.0,1234.25,1253.74,843104,105703726560000.0,59724,400381,0.47490000000000004
DMART,EQ,1234.25,1240.0,1250.0,1181.7,1189.95,1191.8,1211.49,519494,62936165579999.99,26267,149896,0.28850000000000003
DMART,EQ,1191.8,1180.0,1183.95,1125.75,1136.0,1133.7,1145.76,1028808,117876904455000.0,45392,471010,0.45780000000000004
DMART,EQ,1133.7,1150.0,1179.0,1142.55,1174.9,1168.25,1166.17,803320,93680386680000.0,52580,393503,0.48979999999999996
DMART,EQ,1168.25,1155.0,1209.0,1143.1,1195.05,1187.1,1187.96,698215,82944937860000.0,34075,202053,0.28940000000000005
DMART,EQ,1187.1,1190.0,1264.0,1165.0,1228.0,1226.6,1228.22,1177435,144614372040000.0,48349,282992,0.2403
DMART,EQ,1226.6,1234.25,1299.0,1234.25,1293.0,1291.25,1278.25,894762,114372786890000.02,35516,212859,0.2379
DMART,EQ,1291.25,1295.7,1325.0,1266.05,1270.0,1273.6,1298.75,729259,94712466640000.0,30952,133850,0.18350000000000002
DMART,EQ,1273.6,1279.0,1353.9,1263.05,1342.8,1337.95,1311.57,941962,123544629430000.0,35521,309804,0.3289
DMART,EQ,1337.95,1348.7,1389.0,1346.2,1370.0,1366.1,1368.56,706506,96689935645000.0,34095,165212,0.2338
DMART,EQ,1366.1,1379.9,1482.8,1368.0,1478.5,1462.5,1434.1,1761020,252547875519999.97,51977,606956,0.3447
DMART,EQ,1462.5,1477.95,1489.7,1425.25,1434.15,1436.05,1459.85,656129,95784973455000.0,35640,157093,0.23940000000000003
DMART,EQ,1436.05,1438.0,1464.35,1403.4,1417.7,1424.0,1436.7,600576,86284823040000.0,26166,141320,0.2353
DMART,EQ,1424.0,1426.0,1430.0,1417.7,1426.4,1425.15,1425.82,109342,15590178315000.0,5512,40948,0.37450000000000006
DMART,EQ,1425.15,1429.45,1431.8,1385.0,1394.5,1396.75,1403.82,375206,52672177850000.0,20187,117749,0.3138
DMART,EQ,1396.75,1407.0,1425.0,1385.5,1389.9,1391.75,1407.83,379336,53404100950000.0,18576,126593,0.3337
DMART,EQ,1391.75,1389.9,1389.9,1366.1,1372.0,1374.35,1376.56,293907,40457932720000.0,15783,99032,0.337
DMART,EQ,1374.35,1378.0,1388.8,1362.0,1380.1,1380.7,1376.57,382779,52692224940000.0,24971,166568,0.43520000000000003
DMART,EQ,1380.7,1387.0,1397.0,1377.5,1387.0,1388.45,1386.9,255567,35444576020000.0,14225,120223,0.4704
DMART,EQ,1388.45,1396.4,1419.45,1375.1,1389.95,1387.9,1397.42,379929,53092188755000.0,22058,140300,0.3693
DMART,EQ,1387.9,1399.9,1421.9,1378.7,1412.05,1412.55,1403.21,289799,40664991985000.0,13873,103947,0.35869999999999996
DMART,EQ,1412.55,1412.0,1437.4,1397.65,1404.85,1412.5,1419.32,577012,81896239470000.0,22246,121604,0.2107
DMART,EQ,1412.5,1415.0,1428.95,1405.0,1421.0,1421.35,1418.39,233850,33169037150000.0,12212,53223,0.22760000000000002
DMART,EQ,1421.35,1426.7,1433.7,1398.1,1408.1,1410.9,1414.43,193674,27393791775000.0,11625,59495,0.3072
DMART,EQ,1410.9,1417.0,1423.45,1379.0,1397.9,1393.7,1397.06,312965,43722967665000.0,17561,131154,0.4191
DMART,EQ,1393.7,1397.0,1409.75,1391.1,1403.0,1404.95,1402.86,191458,26858864339999.996,12005,62815,0.3281
DMART,EQ,1404.95,1406.0,1450.0,1397.9,1441.0,1443.7,1431.27,515172,73734784910000.0,25338,204108,0.3962
DMART,EQ,1443.7,1451.4,1456.7,1430.95,1437.0,1438.1,1446.73,311543,45071781985000.0,14114,127674,0.4098
DMART,EQ,1438.1,1438.0,1500.0,1438.0,1487.0,1492.5,1475.97,1360732,200840127265000.0,57781,536199,0.39409999999999995
DMART,EQ,1492.5,1504.9,1508.9,1473.0,1476.55,1477.45,1484.07,349961,51936493880000.0,22313,156644,0.4476
DMART,EQ,1477.45,1477.0,1495.0,1475.0,1485.0,1485.7,1487.55,342761,50987561010000.0,19730,181557,0.5297
DMART,EQ,1485.7,1484.0,1508.9,1475.15,1504.95,1502.55,1500.55,580513,87109034335000.0,28465,218662,0.37670000000000003
DMART,EQ,1502.55,1494.75,1500.0,1480.0,1492.0,1496.65,1492.98,282216,42134282315000.0,18738,116799,0.4139
DMART,EQ,1496.65,1503.0,1520.85,1497.1,1514.0,1513.15,1512.5,399271,60389550500000.0,23604,148909,0.373
DMART,EQ,1513.15,1500.0,1518.75,1486.85,1509.85,1510.2,1508.68,415922,62749244725000.0,24382,154943,0.3725
DMART,EQ,1510.2,1499.7,1550.0,1491.3,1550.0,1546.5,1531.39,564455,86439795540000.0,36503,217484,0.38530000000000003
DMART,EQ,1546.5,1550.0,1579.5,1547.0,1557.0,1559.75,1569.14,445859,69961456025000.0,26715,207680,0.4658
DMART,EQ,1559.75,1560.0,1589.0,1560.0,1581.0,1582.9,1579.73,348310,55023455354999.99,20912,189716,0.5447
DMART,EQ,1582.9,1584.0,1600.0,1574.0,1597.0,1594.5,1593.24,442205,70454018835000.0,25109,212486,0.4805
DMART,EQ,1594.5,1596.0,1620.0,1595.1,1619.0,1616.25,1611.14,398973,64280206385000.0,22758,152570,0.3824
DMART,EQ,1616.25,1619.0,1685.0,1616.5,1681.2,1668.15,1646.97,886105,145938916625000.0,36240,329908,0.37229999999999996
DMART,EQ,1668.15,1685.1,1698.7,1630.3,1648.9,1650.6,1661.44,796991,132415517545000.0,44719,239491,0.3005
DMART,EQ,1650.6,1646.0,1657.0,1625.05,1640.0,1646.1,1641.67,252150,41394618930000.0,14785,61475,0.2438
DMART,EQ,1646.1,1645.0,1656.75,1600.0,1612.25,1648.1,1644.74,2968587,488256799580000.0,55261,2136026,0.7195
DMART,EQ,1648.1,1612.25,1622.6,1528.0,1539.9,1545.75,1575.1,647211,101942495995000.0,36025,192513,0.2975
DMART,EQ,1545.75,1534.7,1562.9,1501.3,1554.0,1554.85,1535.33,544718,83632258730000.0,23587,67264,0.1235
DMART,EQ,1554.85,1565.0,1578.0,1558.05,1571.0,1570.15,1569.25,260792,40924675575000.0,12694,64014,0.24550000000000002
DMART,EQ,1570.15,1580.0,1669.5,1574.0,1656.0,1654.95,1628.66,1053408,171564784275000.0,42197,264618,0.25120000000000003
DMART,EQ,1654.95,1660.0,1678.55,1595.0,1605.7,1606.65,1627.74,1175518,191343405720000.0,49363,239950,0.2041
DMART,EQ,1606.65,1610.0,1620.75,1586.05,1590.0,1590.75,1597.45,542359,86639345445000.0,22278,107907,0.19899999999999998
DMART,EQ,1590.75,1589.4,1591.95,1551.3,1565.0,1560.25,1573.47,397366,62524508570000.01,22725,120299,0.3027
DMART,EQ,1560.25,1567.6,1593.3,1555.5,1582.0,1575.9,1575.99,516324,81372328325000.0,25897,157183,0.3044
DMART,EQ,1575.9,1583.0,1585.7,1561.05,1575.9,1577.75,1574.7,295889,46593755100000.0,22535,91583,0.3095
DMART,EQ,1577.75,1592.7,1592.7,1561.0,1572.25,1571.15,1572.99,315570,49638897975000.0,22881,143993,0.45630000000000004
DMART,EQ,1571.15,1575.3,1578.7,1563.05,1573.0,1572.4,1569.95,270790,42512811275000.0,14871,117814,0.4351
DMART,EQ,1572.4,1575.1,1610.0,1566.55,1607.85,1595.75,1587.16,336831,53460390405000.0,21586,141114,0.4189
DMART,EQ,1595.75,1608.0,1614.0,1580.25,1591.0,1587.8,1592.9,349037,55598040104999.99,24086,133451,0.3823
DMART,EQ,1587.8,1593.4,1597.8,1552.0,1552.5,1571.65,1576.22,614262,96821174065000.0,28796,246620,0.40149999999999997
DMART,EQ,1571.65,1440.0,1473.8,1388.0,1394.0,1397.4,1427.72,3662140,522849373420000.0,170943,1040041,0.284
DMART,EQ,1397.4,1385.0,1415.0,1372.0,1386.8,1390.0,1393.42,1829490,254925292505000.03,85245,463190,0.2532
DMART,EQ,1390.0,1395.0,1407.0,1382.25,1389.85,1393.25,1392.42,771654,107446990755000.0,33789,210783,0.2732
DMART,EQ,1393.25,1393.0,1399.0,1363.3,1365.3,1368.0,1374.12,657383,90332538520000.0,41312,247342,0.3763
DMART,EQ,1368.0,1371.0,1388.8,1361.0,1380.0,1383.05,1376.78,580661,79944442985000.0,25389,136533,0.23510000000000003
DMART,EQ,1383.05,1389.0,1389.0,1343.0,1356.0,1351.3,1363.77,434508,59256806140000.0,27021,165456,0.38079999999999997
DMART,EQ,1351.3,1353.0,1375.0,1350.0,1354.0,1357.9,1361.88,444174,60491230715000.0,25327,161954,0.36460000000000004
DMART,EQ,1357.9,1357.9,1401.05,1346.3,1390.0,1397.3,1385.83,1062451,147237337060000.0,36924,365171,0.3437
DMART,EQ,1397.3,1400.0,1400.9,1375.0,1393.0,1391.55,1386.09,338685,46944780890000.0,21033,107328,0.3169
DMART,EQ,1391.55,1397.5,1413.5,1350.2,1367.0,1365.7,1392.72,683139,95141852380000.0,30802,349448,0.5115
DMART,EQ,1365.7,1366.9,1385.0,1348.0,1376.0,1372.75,1363.17,357354,48713371930000.0,25472,152065,0.4255
DMART,EQ,1372.75,1375.1,1390.05,1358.2,1384.0,1384.55,1374.66,238109,32731959975000.0,14543,89837,0.37729999999999997
DMART,EQ,1384.55,1389.0,1397.0,1365.0,1373.5,1374.2,1378.09,238060,32806783755000.0,14169,98608,0.4142
DMART,EQ,1374.2,1374.0,1383.9,1367.25,1374.1,1374.85,1374.74,287562,39532374260000.0,16084,170672,0.5935
DMART,EQ,1374.85,1379.7,1460.0,1376.45,1447.0,1442.95,1420.49,1137654,161603140685000.0,47629,523438,0.4601
DMART,EQ,1442.95,1445.0,1481.9,1405.0,1476.0,1473.9,1449.41,785219,113810549580000.0,29730,217395,0.27690000000000003
DMART,EQ,1473.9,1475.0,1492.3,1455.0,1470.0,1471.7,1472.88,491276,72359199615000.0,19595,126912,0.2583
DMART,EQ,1471.7,1472.0,1526.0,1458.0,1505.0,1512.65,1498.65,827585,124025673425000.0,27246,285854,0.3454
DMART,EQ,1512.65,1500.0,1515.15,1488.05,1491.0,1496.35,1502.32,266233,39996655530000.0,15612,77750,0.292
DMART,EQ,1496.35,1496.0,1496.0,1470.0,1476.0,1477.5,1479.46,190153,28132321025000.0,12308,59293,0.3118
DMART,EQ,1477.5,1470.0,1471.5,1441.1,1449.8,1451.3,1458.63,165263,24105742365000.0,7131,64480,0.39020000000000005
DMART,EQ,1451.3,1452.0,1465.4,1435.0,1438.45,1442.25,1450.04,271590,39381723990000.0,22134,135555,0.4991
DMART,EQ,1442.25,1444.0,1460.0,1414.05,1422.0,1428.8,1443.28,212800,30712954485000.004,18676,94254,0.4429
DMART,EQ,1428.8,1429.0,1473.4,1416.55,1462.0,1465.4,1449.13,305977,44340156290000.0,14609,85625,0.2798
DMART,EQ,1465.4,1461.9,1478.5,1403.15,1440.0,1464.3,1444.53,851248,122965622065000.02,29327,322004,0.37829999999999997
DMART,EQ,1464.3,1448.0,1459.8,1413.0,1436.25,1436.05,1427.32,595267,84963890960000.0,21410,167856,0.282
DMART,EQ,1436.05,1440.0,1457.9,1420.0,1431.0,1433.3,1443.0,241187,34803356835000.004,11761,59104,0.2451
DMART,EQ,1433.3,1441.0,1493.7,1438.0,1448.0,1472.95,1468.06,840210,123348280030000.0,25564,289411,0.34450000000000003
DMART,EQ,1472.95,1445.0,1475.05,1444.0,1459.0,1461.05,1460.68,278988,40751204660000.0,14120,59951,0.21489999999999998
DMART,EQ,1461.05,1467.95,1494.0,1451.5,1487.5,1487.9,1480.04,360940,53420595715000.0,14391,127820,0.35409999999999997
DMART,EQ,1487.9,1487.0,1510.0,1471.0,1503.0,1495.95,1490.68,540619,80589257595000.0,17193,250796,0.46390000000000003
DMART,EQ,1495.95,1481.5,1495.0,1463.25,1468.0,1469.35,1480.54,361765,53560917115000.0,19949,113292,0.31320000000000003
DMART,EQ,1469.35,1480.0,1484.85,1440.0,1443.0,1450.15,1461.15,327378,47834980240000.0,20082,116926,0.3572
DMART,EQ,1450.15,1465.0,1467.9,1446.5,1455.0,1455.8,1458.5,244310,35632512035000.0,15826,112932,0.4622
DMART,EQ,1455.8,1458.45,1479.0,1442.0,1453.0,1456.55,1462.47,228945,33482604395000.0,11050,84611,0.36960000000000004
DMART,EQ,1456.55,1457.0,1502.95,1457.0,1472.0,1471.95,1474.23,397779,58641662400000.0,19603,129879,0.3265
DMART,EQ,1471.95,1481.0,1485.0,1462.5,1471.0,1470.35,1473.78,221967,32712945070000.0,11162,87479,0.39409999999999995
DMART,EQ,1470.35,1471.05,1499.0,1451.6,1453.0,1457.45,1476.3,539891,79704123645000.0,19720,234730,0.43479999999999996
DMART,EQ,1457.45,1453.0,1468.65,1445.0,1445.5,1450.4,1453.27,241894,35153776045000.0,8620,125788,0.52
DMART,EQ,1450.4,1449.9,1488.0,1448.1,1483.05,1482.2,1471.65,707763,104158173575000.0,18109,392078,0.554
DMART,EQ,1482.2,1490.0,1522.7,1483.0,1504.3,1510.6,1505.51,1481463,223035554230000.03,39289,528002,0.3564
DMART,EQ,1510.6,1508.0,1530.0,1494.8,1500.0,1501.4,1516.49,696115,105565211455000.0,35054,246511,0.35409999999999997
DMART,EQ,1501.4,1504.4,1514.9,1460.5,1467.0,1467.3,1488.67,653414,97271613100000.0,27452,314537,0.4814
DMART,EQ,1467.3,1474.0,1490.0,1471.95,1475.0,1478.5,1480.69,449001,66483133315000.0,28378,231173,0.5149
DMART,EQ,1478.5,1484.4,1484.4,1456.65,1479.7,1478.8,1472.58,259908,38273523650000.0,15077,82155,0.3161
DMART,EQ,1478.8,1482.0,1485.0,1468.0,1479.95,1479.55,1478.18,232295,34337394230000.0,13331,96552,0.4156
DMART,EQ,1479.55,1479.0,1500.0,1472.1,1481.3,1482.15,1486.21,342846,50954070000000.0,18284,153941,0.449
DMART,EQ,1482.15,1484.8,1515.0,1473.1,1508.05,1503.7,1495.44,406245,60751341440000.0,19477,187432,0.46140000000000003
DMART,EQ,1503.7,1500.0,1500.0,1461.3,1469.0,1471.2,1473.75,357114,52629802035000.0,16452,174973,0.49
DMART,EQ,1471.2,1473.8,1488.25,1467.25,1480.0,1477.95,1477.76,179633,26545473680000.0,11870,66642,0.371
DMART,EQ,1477.95,1486.0,1489.95,1467.5,1481.5,1479.4,1479.65,221121,32718253450000.0,16593,97380,0.4404
DMART,EQ,1479.4,1485.0,1485.0,1468.0,1471.8,1472.5,1475.93,207862,30678934805000.0,11466,105251,0.5064
DMART,EQ,1472.5,1479.8,1489.5,1465.0,1469.0,1471.1,1477.47,326684,48266685910000.0,27179,187603,0.5743
DMART,EQ,1471.1,1476.0,1514.9,1473.0,1492.0,1492.95,1496.98,600109,89835158810000.0,20809,214262,0.35700000000000004
DMART,EQ,1492.95,1498.3,1505.3,1482.5,1490.0,1492.85,1494.11,289361,43233823910000.0,13226,88243,0.305
DMART,EQ,1492.85,1490.25,1497.0,1475.25,1478.0,1478.55,1484.96,194233,28842727835000.004,12599,94941,0.4888
DMART,EQ,1478.55,1478.0,1481.5,1427.25,1441.55,1443.6,1452.73,519069,75406723695000.0,30859,252718,0.4869
DMART,EQ,1443.6,1443.9,1460.0,1443.9,1447.1,1449.3,1449.73,213547,30958632839999.996,13531,98921,0.4632
DMART,EQ,1449.3,1449.0,1492.4,1431.0,1491.0,1481.85,1467.45,587824,86260437475000.0,24761,277945,0.4728
DMART,EQ,1481.85,1484.0,1497.0,1459.0,1486.7,1486.2,1478.32,640951,94753282445000.0,30104,264266,0.4123
DMART,EQ,1486.2,1483.7,1529.5,1471.0,1518.0,1522.3,1510.9,983484,148594588150000.0,33168,432966,0.44020000000000004
DMART,EQ,1522.3,1521.0,1527.35,1465.0,1472.0,1472.6,1494.99,735838,110007322809999.98,34313,258704,0.35159999999999997
DMART,EQ,1472.6,1465.0,1480.8,1451.1,1460.35,1465.35,1464.49,941874,137936227200000.0,40672,366903,0.3895
DMART,EQ,1465.35,1463.0,1471.95,1448.1,1450.0,1453.25,1457.73,246361,35912800340000.0,17229,122595,0.4976
DMART,EQ,1453.25,1454.1,1466.0,1395.0,1409.9,1410.65,1428.85,809956,115730784640000.02,40057,471946,0.5827
DMART,EQ,1410.65,1415.0,1424.0,1353.0,1362.0,1358.5,1373.05,915917,125760255409999.98,41505,422711,0.4615
DMART,EQ,1358.5,1360.0,1366.95,1320.0,1320.1,1324.8,1332.26,498320,66388932785000.0,31134,223030,0.4476
DMART,EQ,1324.8,1332.9,1336.45,1275.0,1288.0,1286.05,1298.34,970284,125975421709999.98,46484,411805,0.4244
DMART,EQ,1286.05,1290.0,1336.3,1290.0,1335.0,1331.15,1322.17,1008624,133356876730000.0,34747,448207,0.44439999999999996
DMART,EQ,1331.15,1339.0,1361.95,1320.25,1334.95,1328.05,1342.69,682491,91637323465000.0,29541,236342,0.34630000000000005
DMART,EQ,1328.05,1332.8,1333.0,1297.0,1302.25,1301.15,1302.32,828440,107889554025000.0,40314,501805,0.6057
DMART,EQ,1301.15,1305.0,1308.65,1275.0,1290.0,1295.5,1289.19,468431,60389497100000.0,28531,207172,0.44229999999999997
DMART,EQ,1295.5,1289.0,1310.0,1261.0,1268.0,1265.2,1282.27,495908,63588808140000.0,27425,192604,0.3884
DMART,EQ,1265.2,1271.0,1282.7,1257.2,1262.0,1262.45,1268.89,306416,38880804035000.0,16859,104033,0.3395
DMART,EQ,1262.45,1251.0,1256.3,1240.05,1246.9,1249.65,1248.43,423085,52819232500000.0,15927,210199,0.4968
DMART,EQ,1249.65,1255.15,1285.0,1240.0,1255.05,1255.1,1268.86,699459,88751528930000.0,26573,232270,0.3321
DMART,EQ,1255.1,1255.9,1263.0,1226.0,1260.0,1245.55,1241.22,670753,83255319585000.0,30904,301583,0.4496
DMART,EQ,1245.55,1256.0,1262.0,1240.0,1250.1,1251.6,1249.62,382818,47837562935000.0,15490,168973,0.4414
DMART,EQ,1251.6,1259.8,1283.0,1245.15,1250.4,1250.75,1261.94,616560,77806294110000.0,37740,216439,0.35100000000000003
DMART,EQ,1250.75,1260.0,1280.0,1243.75,1250.0,1251.9,1264.42,821333,103850869040000.0,33779,318133,0.3873
DMART,EQ,1251.9,1257.0,1258.0,1238.2,1249.0,1250.25,1247.59,299951,37421658500000.0,16885,105761,0.35259999999999997
DMART,EQ,1250.25,1257.95,1270.0,1228.6,1232.55,1237.6,1255.44,599283,75236457245000.0,34015,254139,0.4241
DMART,EQ,1237.6,1241.1,1260.0,1236.0,1258.0,1253.8,1250.55,414780,51870147210000.0,24430,190329,0.45890000000000003
DMART,EQ,1253.8,1252.9,1268.0,1230.0,1230.8,1234.25,1250.84,437705,54750095250000.0,19393,225993,0.5163
DMART,EQ,1234.25,1270.0,1323.35,1246.35,1321.2,1318.1,1291.54,951452,122884062805000.0,31741,380636,0.4001
DMART,EQ,1318.1,1324.0,1331.7,1265.0,1274.95,1272.1,1287.01,541912,69744649745000.01,31063,231120,0.4265
DMART,EQ,1272.1,1280.0,1303.8,1266.5,1298.0,1299.15,1287.13,368673,47452971225000.0,19628,111376,0.30210000000000004
DMART,EQ,1299.15,1324.7,1326.0,1299.15,1305.0,1303.15,1312.18,541107,71003088580000.0,32190,246439,0.4554
DMART,EQ,1303.15,1305.0,1355.0,1281.0,1342.0,1341.05,1328.07,739300,98184290305000.0,22512,309801,0.419
DMART,EQ,1341.05,1342.0,1342.0,1285.0,1292.0,1289.95,1304.89,617082,80522426720000.0,27016,324505,0.5259
DMART,EQ,1289.95,1294.0,1316.65,1290.0,1310.0,1310.5,1306.73,659423,86168522875000.0,35854,259546,0.3936
DMART,EQ,1310.5,1309.9,1314.85,1296.0,1305.0,1307.05,1305.66,213992,27939999325000.0,10317,65354,0.3054
DMART,EQ,1307.05,1307.05,1319.0,1296.0,1303.0,1303.9,1306.37,211312,27605120005000.0,10154,65413,0.30960000000000004
DMART,EQ,1303.9,1305.0,1328.0,1305.0,1320.0,1323.1,1316.96,466619,61452044825000.0,25587,241614,0.5178
DMART,EQ,1323.1,1322.0,1348.0,1311.65,1338.0,1340.3,1335.16,408526,54544778040000.0,18961,170004,0.4161
DMART,EQ,1340.3,1333.9,1356.4,1326.0,1336.0,1333.05,1342.7,241555,32433613895000.0,15761,77152,0.3194
DMART,EQ,1333.05,1339.0,1339.0,1315.0,1315.0,1317.65,1322.65,226174,29914974495000.0,22128,119692,0.5292
DMART,EQ,1317.65,1319.95,1322.0,1293.25,1293.6,1296.65,1300.61,272965,35502149850000.0,18266,132815,0.4866
DMART,EQ,1296.65,1300.5,1314.75,1296.0,1299.75,1299.7,1302.71,194485,25335688690000.0,16496,95602,0.4916
DMART,EQ,1299.7,1303.2,1305.5,1290.1,1295.1,1296.9,1298.42,182203,23657652020000.0,18822,90391,0.4961
DMART,EQ,1296.9,1296.95,1318.4,1285.0,1310.0,1310.5,1305.41,421534,55027447210000.0,21639,196850,0.467
DMART,EQ,1310.5,1280.0,1308.45,1280.0,1303.1,1305.0,1300.79,275410,35824976750000.0,15790,122582,0.4451
DMART,EQ,1305.0,1306.4,1334.2,1301.1,1327.0,1330.6,1324.09,577550,76473063550000.0,24541,259770,0.4498
DMART,EQ,1330.6,1326.45,1333.05,1293.0,1295.9,1297.5,1307.48,181792,23768927495000.0,12700,78757,0.41009999999999996
DMART,EQ,1297.5,1300.4,1349.9,1300.3,1341.25,1342.0,1331.57,595548,79301504565000.0,38761,313078,0.5056
DMART,EQ,1342.0,1345.0,1356.0,1318.0,1335.0,1335.7,1334.32,291801,38935572085000.0,19710,92028,0.3154
DMART,EQ,1335.7,1329.95,1344.95,1316.1,1337.0,1336.15,1332.73,348397,46432040470000.0,16502,232388,0.667
DMART,EQ,1336.15,1336.15,1340.95,1314.95,1322.6,1320.45,1323.96,375704,49741735375000.0,22706,263868,0.7023
DMART,EQ,1320.45,1322.0,1338.0,1317.0,1332.0,1329.2,1329.04,118535,15753742285000.0,9376,53112,0.44810000000000005
DMART,EQ,1329.2,1325.0,1337.4,1307.0,1328.05,1330.65,1325.08,137823,18262621490000.0,13379,62485,0.4534
DMART,EQ,1330.65,1327.85,1392.0,1320.0,1390.0,1387.45,1369.87,796746,109144149430000.0,34689,316880,0.39770000000000005
DMART,EQ,1387.45,1393.15,1420.0,1365.0,1386.0,1390.55,1399.24,628821,87987179845000.0,30372,168950,0.2687
DMART,EQ,1390.55,1390.0,1405.45,1380.0,1397.1,1397.9,1394.84,255370,35619958575000.0,16173,81375,0.31870000000000004
DMART,EQ,1397.9,1397.1,1440.0,1378.0,1424.05,1426.05,1420.79,515766,73279292005000.0,27690,184948,0.3586
DMART,EQ,1426.05,1429.0,1449.5,1421.3,1446.0,1446.6,1441.92,378759,54613998550000.0,17188,141687,0.3741
DMART,EQ,1446.6,1450.0,1467.8,1444.0,1460.0,1460.1,1460.82,427962,62517463170000.01,23833,172442,0.4029
DMART,EQ,1460.1,1461.0,1475.0,1428.0,1433.0,1433.0,1447.04,264148,38223242900000.0,16842,86160,0.3262
DMART,EQ,1433.0,1435.2,1445.0,1348.0,1352.9,1356.15,1383.51,565343,78215703970000.0,43441,229384,0.4057
DMART,EQ,1356.15,1330.0,1411.0,1286.3,1405.0,1393.0,1352.46,954056,129031929595000.0,43750,333700,0.3498
DMART,EQ,1393.0,1391.0,1393.85,1335.0,1368.0,1374.95,1365.56,411310,56166706445000.01,27541,114000,0.2772
DMART,EQ,1374.95,1370.0,1384.95,1345.0,1348.0,1350.8,1361.9,239044,32555306630000.0,15588,57448,0.2403
DMART,EQ,1350.8,1353.0,1379.95,1353.0,1367.0,1373.0,1369.53,166623,22819514085000.0,11332,42464,0.2549
DMART,EQ,1373.0,1370.0,1390.0,1352.0,1356.0,1359.4,1373.79,264267,36304638575000.0,15458,69026,0.2612
DMART,EQ,1359.4,1433.95,1448.0,1410.0,1427.05,1425.25,1430.46,1595589,228241864955000.03,75910,335664,0.2104
DMART,EQ,1425.25,1420.0,1471.0,1405.0,1467.8,1463.6,1444.04,1260997,182092603180000.0,51758,303968,0.2411
DMART,EQ,1463.6,1454.0,1472.9,1445.75,1454.2,1463.8,1462.24,482339,70529461000000.0,27865,125382,0.25989999999999996
DMART,EQ,1463.8,1455.0,1464.0,1434.0,1436.4,1439.4,1447.38,306435,44352830875000.0,33368,105068,0.3429
DMART,EQ,1439.4,1445.0,1449.9,1393.0,1402.0,1402.05,1412.71,315158,44522748565000.0,19470,110861,0.3518
DMART,EQ,1402.05,1400.0,1425.0,1370.0,1417.0,1417.55,1404.73,412489,57943515160000.0,25039,108326,0.2626
DMART,EQ,1417.55,1405.0,1420.0,1393.25,1407.8,1402.35,1406.51,272380,38310442190000.0,18346,88473,0.3248
DMART,EQ,1402.35,1406.85,1434.95,1384.2,1433.0,1423.9,1408.74,365971,51555643310000.0,25449,132145,0.3611
DMART,EQ,1423.9,1425.5,1448.8,1401.0,1419.0,1420.15,1424.77,331496,47230537020000.0,19434,102929,0.3105
DMART,EQ,1420.15,1420.1,1444.1,1414.05,1423.0,1425.05,1429.16,345535,49382607390000.0,30130,162467,0.47020000000000006
DMART,EQ,1425.05,1427.0,1464.3,1427.0,1450.0,1449.9,1447.31,511050,73964677030000.0,38489,211435,0.41369999999999996
DMART,EQ,1449.9,1455.0,1475.0,1450.1,1461.0,1459.7,1461.77,375072,54827059040000.0,32514,153543,0.4094
DMART,EQ,1459.7,1458.5,1490.0,1440.0,1483.9,1482.7,1468.26,538224,79025520340000.0,43903,255342,0.4744
DMART,EQ,1482.7,1482.65,1515.0,1440.0,1481.0,1483.6,1489.35,788582,117447078145000.0,48883,242697,0.3078
DMART,EQ,1483.6,1473.0,1515.0,1470.1,1511.0,1514.2,1499.58,611988,91772235105000.0,42862,318028,0.5197
DMART,EQ,1514.2,1509.0,1509.0,1467.0,1486.05,1490.05,1491.14,387859,57835291504999.99,29650,157461,0.406
DMART,EQ,1490.05,1480.0,1504.95,1479.45,1484.9,1490.45,1494.0,275179,41111774155000.0,27421,128153,0.4657
DMART,EQ,1490.45,1465.05,1478.55,1421.05,1431.0,1434.3,1455.38,498468,72546082180000.0,35578,203846,0.40890000000000004
DMART,EQ,1434.3,1432.5,1445.0,1405.25,1434.9,1429.75,1427.5,321489,45892401290000.0,18115,104680,0.32560000000000006
DMART,EQ,1429.75,1415.55,1460.5,1408.0,1454.0,1450.8,1426.68,2940072,419453734795000.0,68822,1316515,0.44780000000000003
DMART,EQ,1450.8,1458.85,1484.25,1452.0,1457.0,1460.9,1470.15,802879,118034958834999.98,56345,334540,0.4167
DMART,EQ,1460.9,1464.0,1494.85,1459.95,1486.5,1490.6,1481.34,525109,77786512800000.0,31029,264732,0.5041
DMART,EQ,1490.6,1484.0,1500.0,1472.0,1483.5,1492.7,1486.86,445359,66218728975000.0,31387,213927,0.4803
DMART,EQ,1492.7,1493.0,1534.15,1490.0,1500.5,1504.7,1514.92,815189,123494629995000.0,34586,277693,0.3406
DMART,EQ,1504.7,1509.45,1514.1,1461.05,1472.05,1475.0,1491.39,299052,44600243020000.0,17919,99405,0.33240000000000003
DMART,EQ,1475.0,1475.0,1500.0,1468.0,1481.7,1481.75,1485.79,377605,56104247375000.0,25465,144715,0.3832
DMART,EQ,1481.75,1481.75,1504.0,1477.35,1479.95,1485.75,1493.0,380913,56870260615000.0,20769,189875,0.4985
DMART,EQ,1485.75,1480.0,1485.0,1462.05,1471.8,1470.2,1474.69,368861,54395537370000.01,19501,162061,0.4394
DMART,EQ,1470.2,1490.0,1535.0,1471.6,1527.0,1531.05,1513.95,643093,97360919150000.0,47680,328506,0.5108
DMART,EQ,1531.05,1536.15,1574.0,1521.5,1525.5,1534.1,1547.19,862520,133448256325000.0,50983,404307,0.46880000000000005
DMART,EQ,1534.1,1528.3,1578.8,1520.0,1547.0,1553.3,1552.67,581625,90307014675000.0,39250,171197,0.2943
DMART,EQ,1553.3,1546.1,1574.2,1533.2,1560.0,1547.05,1555.17,324452,50457727855000.0,21786,91077,0.2807
DMART,EQ,1547.05,1555.45,1578.0,1555.4,1574.0,1571.15,1568.67,508128,79708319925000.0,31779,218756,0.4305
DMART,EQ,1571.15,1568.0,1570.0,1501.0,1504.0,1508.0,1529.16,375577,57431909995000.01,26848,159993,0.42600000000000005
DMART,EQ,1508.0,1508.0,1530.0,1505.1,1520.6,1524.85,1519.79,272377,41395605125000.0,18631,104456,0.3835
DMART,EQ,1524.85,1534.95,1542.95,1515.0,1523.0,1521.75,1525.71,215933,32945206560000.004,16226,70544,0.32670000000000005
DMART,EQ,1521.75,1528.0,1543.9,1515.15,1528.1,1529.7,1532.19,208829,31996643160000.004,14866,68586,0.3284
DMART,EQ,1529.7,1529.0,1578.15,1528.0,1568.05,1568.8,1560.9,489530,76410787970000.0,19927,159265,0.32530000000000003
DMART,EQ,1568.8,1568.8,1587.0,1555.0,1566.0,1571.05,1571.08,304927,47906586545000.0,20635,93554,0.3068
DMART,EQ,1571.05,1576.0,1579.95,1555.0,1567.0,1568.25,1568.77,203125,31865669750000.0,17201,69565,0.3425
DMART,EQ,1568.25,1575.0,1575.0,1557.0,1568.7,1569.55,1567.74,153076,23998267240000.0,11198,61186,0.3997
DMART,EQ,1569.55,1566.4,1608.0,1560.0,1581.0,1596.25,1591.18,938537,149338433205000.0,49602,369343,0.3935
DMART,EQ,1596.25,1585.0,1616.4,1579.05,1601.0,1603.05,1601.72,573758,91899983145000.0,29615,213352,0.3719
DMART,EQ,1603.05,1610.0,1650.0,1605.0,1650.0,1646.9,1634.37,759056,124057761290000.02,31621,246938,0.32530000000000003
DMART,EQ,1646.9,1650.0,1660.7,1603.75,1618.0,1619.35,1638.01,525171,86023617220000.0,24638,162592,0.30960000000000004
DMART,EQ,1619.35,1633.0,1770.0,1620.0,1758.35,1761.2,1715.35,1643937,281992338875000.0,86987,911570,0.5545
DMART,EQ,1761.2,1784.75,1945.05,1784.0,1918.0,1917.0,1898.89,1663786,315933989985000.0,105390,783248,0.4708
DMART,EQ,1917.0,1917.0,1924.0,1840.1,1876.9,1880.25,1875.64,605198,113513365075000.0,45228,205726,0.33990000000000004
DMART,EQ,1880.25,1830.0,1927.7,1830.0,1898.0,1902.2,1896.31,725716,137618396995000.0,50240,221129,0.30469999999999997
DMART,EQ,1902.2,1900.1,1922.35,1870.0,1876.05,1878.8,1895.41,426074,80758546635000.0,32855,189787,0.4454
DMART,EQ,1878.8,1886.0,1914.0,1868.3,1894.0,1894.55,1895.21,514118,97435965370000.0,26930,186274,0.36229999999999996
DMART,EQ,1894.55,1900.0,1920.0,1832.2,1874.0,1860.6,1872.35,406359,76084669325000.0,25793,170907,0.42060000000000003
DMART,EQ,1860.6,1870.0,1917.0,1860.0,1912.6,1896.0,1887.06,567281,107049550380000.0,26890,207733,0.36619999999999997
DMART,EQ,1896.0,1898.9,1939.9,1872.0,1884.0,1885.2,1899.4,433208,82283506430000.0,28448,114018,0.2632
DMART,EQ,1885.2,1887.25,1918.0,1887.25,1892.05,1894.65,1901.79,270102,51367756305000.0,21367,97486,0.36090000000000005
DMART,EQ,1894.65,1906.3,1909.9,1840.0,1843.2,1847.3,1870.74,334908,62652742065000.0,22961,124357,0.3713
DMART,EQ,1847.3,1853.85,1869.0,1801.6,1817.0,1820.4,1828.64,357535,65380198735000.0,28544,122524,0.34270000000000006
DMART,EQ,1820.4,1818.95,1838.4,1813.15,1821.0,1821.35,1826.24,292723,53458285325000.0,21004,120190,0.4106
DMART,EQ,1821.35,1835.0,1851.4,1805.0,1832.05,1843.2,1833.93,445211,81648643090000.0,40137,202021,0.45380000000000004
DMART,EQ,1843.2,1850.0,1864.4,1801.65,1834.0,1828.05,1831.31,971874,177980066120000.0,43300,275849,0.2838
DMART,EQ,1828.05,1836.0,1874.9,1817.55,1836.05,1838.7,1849.29,624117,115417539884999.98,39016,175575,0.2813
DMART,EQ,1838.7,1846.0,1888.0,1841.15,1884.0,1870.5,1862.35,299928,55857015945000.01,23374,137173,0.45740000000000003
DMART,EQ,1870.5,1883.0,1932.0,1875.55,1916.0,1925.6,1909.17,541162,103316864990000.0,33195,189257,0.3497
DMART,EQ,1925.6,1918.0,1964.9,1903.6,1924.05,1924.85,1939.28,497747,96527253460000.0,26307,131988,0.2652
DMART,EQ,1924.85,1929.95,1943.25,1901.0,1913.0,1913.95,1925.95,273765,52725737630000.0,22526,122105,0.446
DMART,EQ,1913.95,1919.55,1927.95,1872.1,1904.0,1900.75,1900.92,317120,60282011850000.0,28143,135102,0.42600000000000005
DMART,EQ,1900.75,1911.1,1918.9,1878.2,1899.95,1892.3,1897.32,236133,44802029785000.0,19968,98566,0.41740000000000005
DMART,EQ,1892.3,1892.5,1901.8,1871.0,1878.15,1883.95,1885.65,162703,30680036714999.996,11995,55455,0.3408
DMART,EQ,1883.95,1900.15,1925.0,1900.05,1917.0,1917.1,1913.05,115894,22171075230000.0,7336,39257,0.3387
DMART,EQ,1917.1,1919.1,1950.0,1901.0,1945.05,1942.1,1930.32,417025,80499258350000.0,29593,222169,0.5327000000000001
DMART,EQ,1942.1,1958.0,1984.0,1941.0,1975.0,1975.7,1970.11,520758,102594918805000.0,27301,177508,0.34090000000000004
DMART,EQ,1975.7,1987.2,2010.0,1980.0,1994.25,1994.65,1995.48,523152,104393686040000.0,52027,245831,0.46990000000000004
DMART,EQ,1994.65,1999.65,2001.95,1960.6,1964.0,1966.6,1975.23,231689,45764012935000.0,17747,96399,0.4161
DMART,EQ,1966.6,1975.0,1994.9,1940.0,1957.1,1956.65,1957.07,309293,60530851654999.99,29266,125168,0.4047
DMART,EQ,1956.65,1960.0,1982.6,1935.1,1978.0,1976.85,1964.62,312316,61358373570000.01,30814,157158,0.5032
DMART,EQ,1976.85,1975.0,1994.9,1962.3,1978.9,1978.85,1982.21,227132,45022404885000.0,24077,105034,0.46240000000000003
DMART,EQ,1978.85,1995.0,1995.0,1976.0,1988.0,1987.85,1984.18,232357,46103717975000.0,17210,140258,0.6036
DMART,EQ,1987.85,1988.95,2010.0,1960.0,1963.1,1968.85,1992.88,372365,74207898220000.0,19576,136133,0.36560000000000004
DMART,EQ,1968.85,1965.0,1983.95,1951.0,1964.0,1966.2,1971.8,200518,39538074910000.0,17970,103926,0.5183
DMART,EQ,1966.2,1969.8,1989.95,1952.5,1952.5,1959.95,1969.95,243109,47891280375000.0,25693,119654,0.4922
DMART,EQ,1959.95,1964.9,1966.6,1910.0,1917.15,1920.0,1939.01,261824,50767962080000.0,22064,123384,0.4712
DMART,EQ,1920.0,1923.95,1936.8,1852.55,1875.0,1870.85,1883.88,690423,130067740020000.0,38795,361977,0.5243
DMART,EQ,1870.85,1871.0,1871.0,1805.0,1822.95,1829.45,1828.17,797539,145803739750000.0,52322,416393,0.5221
DMART,EQ,1829.45,1835.0,1864.95,1806.0,1840.0,1841.65,1843.84,635870,117244247659999.98,41052,246243,0.3873
DMART,EQ,1841.65,1841.0,1868.0,1816.85,1819.1,1826.2,1844.68,363662,67083887320000.01,21123,120433,0.3312
DMART,EQ,1826.2,1829.8,1849.9,1810.0,1820.85,1818.75,1832.75,325924,59733618085000.0,19078,146022,0.44799999999999995
DMART,EQ,1818.75,1824.8,1840.0,1817.0,1837.2,1837.25,1829.0,227611,41629959545000.0,15534,100449,0.4413
DMART,EQ,1837.25,1840.0,1848.0,1817.0,1840.9,1837.65,1836.59,231003,42425709215000.0,12994,83422,0.3611
DMART,EQ,1837.65,1836.0,1848.5,1756.0,1803.1,1787.2,1800.42,779768,140390817634999.98,53233,485531,0.6227
DMART,EQ,1787.2,1798.3,1850.0,1790.35,1847.0,1846.15,1830.75,470306,86101224235000.0,33065,199141,0.42340000000000005
DMART,EQ,1846.15,1850.0,1869.0,1830.0,1848.0,1844.25,1850.07,540008,99905008005000.0,27962,275725,0.5106
DMART,EQ,1844.25,1838.2,1862.0,1812.0,1829.15,1822.5,1830.1,435326,79669018075000.0,28901,235924,0.5418999999999999
DMART,EQ,1822.5,1822.5,1850.0,1815.0,1837.4,1846.7,1837.8,340236,62528735595000.01,17118,163632,0.48090000000000005
DMART,EQ,1846.7,1849.7,1849.7,1818.9,1827.0,1832.6,1832.15,210371,38543223165000.0,16511,104161,0.4951
DMART,EQ,1832.6,1840.0,1852.6,1826.0,1838.75,1840.95,1838.26,232582,42754667435000.0,13486,89424,0.38450000000000006
DMART,EQ,1840.95,1844.95,1847.6,1820.2,1821.0,1824.75,1827.74,199193,36407283570000.0,10827,93040,0.4671
DMART,EQ,1824.75,1826.0,1834.8,1795.0,1796.3,1801.4,1808.03,255615,46216078440000.0,15658,135713,0.5309
DMART,EQ,1801.4,1800.0,1814.8,1770.0,1795.05,1780.55,1789.59,370776,66353557020000.01,23751,203805,0.5497
DMART,EQ,1780.55,1788.0,1790.0,1732.1,1736.6,1736.6,1754.14,450075,78949445325000.0,28075,279400,0.6208
DMART,EQ,1736.6,1730.1,1747.0,1700.0,1737.5,1724.0,1716.29,643593,110459270559999.98,40766,378459,0.588
DMART,EQ,1724.0,1740.0,1794.95,1737.2,1784.35,1778.55,1774.3,1091163,193604806560000.0,51883,683669,0.6265999999999999
DMART,EQ,1778.55,1789.65,1800.0,1759.0,1780.0,1782.75,1787.86,496896,88837871165000.0,22878,322121,0.6483
DMART,EQ,1782.75,1798.95,1798.95,1759.3,1773.0,1770.4,1773.03,295084,52319421700000.0,22677,168046,0.5695
DMART,EQ,1770.4,1775.0,1911.8,1772.05,1889.0,1883.95,1858.52,1236147,229740062625000.0,44982,537466,0.43479999999999996
DMART,EQ,1883.95,1885.0,1941.9,1865.0,1924.95,1913.5,1902.36,1430492,272130740269999.97,58538,508175,0.3552
DMART,EQ,1913.5,1919.8,1961.0,1913.5,1928.0,1935.6,1939.54,709455,137601912805000.0,40449,250624,0.3533
DMART,EQ,1935.6,1930.0,1933.75,1902.15,1912.0,1919.6,1917.0,745739,142958054365000.0,37911,395298,0.5301
DMART,EQ,1919.6,1920.3,1938.7,1911.0,1917.1,1923.1,1925.96,374711,72167936225000.0,17276,125969,0.3362
DMART,EQ,1923.1,1919.8,1927.95,1901.0,1904.0,1907.4,1912.33,235736,45080470945000.0,11214,91315,0.3874
DMART,EQ,1907.4,1908.0,1926.0,1908.0,1918.3,1921.1,1917.9,263517,50539994400000.0,14920,95085,0.3608
DMART,EQ,1921.1,1924.5,1929.0,1907.05,1922.15,1925.55,1920.91,247701,47581066980000.0,14287,123251,0.4976
DMART,EQ,1925.55,1926.0,1926.0,1876.1,1885.5,1883.55,1895.49,466252,88377489275000.0,24148,255231,0.5474
DMART,EQ,1883.55,1893.0,1898.85,1827.05,1840.0,1838.35,1855.25,597038,110765613105000.0,37288,290173,0.48600000000000004
DMART,EQ,1838.35,1849.7,1867.0,1820.0,1829.0,1828.5,1842.05,429407,79098801545000.0,18482,140343,0.3268
DMART,EQ,1828.5,1831.0,1854.85,1815.0,1826.95,1824.2,1834.58,459356,84272641305000.0,26025,182999,0.39840000000000003
DMART,EQ,1824.2,1827.0,1853.0,1827.0,1839.6,1843.55,1841.76,394268,72614584265000.0,26515,132906,0.3371
DMART,EQ,1843.55,1827.0,1829.0,1780.0,1787.0,1789.9,1800.69,398623,71779667295000.0,25358,171592,0.4305
DMART,EQ,1789.9,1805.0,1837.5,1805.0,1810.0,1815.75,1821.45,459172,83635740325000.0,39558,183101,0.39880000000000004
DMART,EQ,1815.75,1793.0,1837.05,1785.1,1831.0,1829.05,1817.1,352087,63977716790000.0,28612,125667,0.3569
DMART,EQ,1829.05,1850.0,1904.0,1826.6,1877.0,1880.55,1868.92,1572364,293863024945000.0,61358,590970,0.37579999999999997
DMART,EQ,1880.55,1886.0,1897.9,1865.1,1872.0,1876.95,1884.51,697206,131389296955000.0,46291,310373,0.44520000000000004
DMART,EQ,1876.95,1925.0,1940.15,1880.0,1910.3,1914.65,1909.07,2138099,408178921310000.0,90914,564734,0.2641
DMART,EQ,1914.65,1902.0,1940.0,1892.15,1929.0,1930.75,1925.05,1407288,270909850244999.97,67768,692391,0.49200000000000005
DMART,EQ,1930.75,1938.0,1946.0,1920.05,1930.0,1933.55,1931.4,551142,106447448155000.0,32613,266123,0.4829
DMART,EQ,1933.55,1938.7,1951.45,1922.0,1948.0,1946.05,1940.89,521815,101278739855000.0,22111,227581,0.4361
DMART,EQ,1946.05,1948.0,2000.0,1932.4,1997.15,1990.55,1975.75,887334,175314788740000.0,36370,357062,0.40240000000000004
DMART,EQ,1990.55,2000.0,2004.45,1927.0,1928.0,1936.65,1966.78,467366,91920595160000.0,21887,219298,0.4692
DMART,EQ,1936.65,1930.0,1959.55,1901.9,1912.0,1912.35,1932.83,321554,62150902695000.01,18327,113062,0.35159999999999997
DMART,EQ,1912.35,1930.0,1932.0,1907.6,1910.0,1914.7,1916.81,283551,54351254675000.0,31359,116070,0.4093
DMART,EQ,1914.7,1920.0,1929.05,1910.1,1926.0,1924.7,1920.47,203734,39126547025000.0,13214,78034,0.383
DMART,EQ,1924.7,1927.05,1961.1,1918.15,1941.0,1948.6,1946.23,404536,78731854350000.0,22581,188533,0.466
DMART,EQ,1948.6,1945.5,1961.5,1928.1,1939.0,1951.5,1946.42,306182,59596025850000.0,14705,106031,0.34630000000000005
DMART,EQ,1951.5,1944.7,1958.0,1922.2,1931.0,1930.45,1939.65,198741,38548719505000.0,20208,99335,0.49979999999999997
DMART,EQ,1930.45,1932.0,1984.25,1928.0,1973.85,1974.65,1965.06,481606,94638238120000.0,32525,221444,0.4598
DMART,EQ,1974.65,1977.8,2064.0,1977.8,2050.5,2051.3,2027.2,1640477,332557884065000.0,71002,712168,0.4341
DMART,EQ,2051.3,2064.05,2145.05,2061.0,2133.0,2133.95,2112.97,1572997,332369764435000.0,76545,402028,0.2556
DMART,EQ,2133.95,2120.0,2174.55,2046.45,2102.0,2072.05,2119.89,796737,168899750895000.0,44123,217146,0.2725
DMART,EQ,2072.05,2084.0,2157.7,2081.0,2137.0,2131.65,2135.35,730661,156021947565000.0,58450,273220,0.3739
DMART,EQ,2131.65,2145.0,2172.9,2112.0,2155.65,2155.3,2140.88,601931,128866354775000.0,34077,257338,0.4275
DMART,EQ,2155.3,2160.0,2274.0,2160.0,2246.2,2248.9,2229.06,1100397,245285511610000.0,54884,326277,0.2965
DMART,EQ,2248.9,2255.0,2360.0,2255.0,2288.35,2294.35,2322.98,1760624,408989025070000.0,83237,790445,0.449
DMART,EQ,2294.35,2295.0,2330.0,2270.0,2281.5,2287.2,2293.51,917281,210379768480000.0,81688,531767,0.5797
DMART,EQ,2287.2,2287.2,2537.45,2287.2,2480.85,2483.65,2426.25,2504235,607588773490000.0,95386,861640,0.34409999999999996
DMART,EQ,2483.65,2480.0,2480.0,2381.0,2405.0,2394.5,2414.49,1890047,456349951255000.0,90400,764244,0.4044
DMART,EQ,2394.5,2390.0,2526.0,2380.0,2469.8,2482.15,2487.59,2099102,522169801330000.0,104563,608622,0.2899
DMART,EQ,2482.15,2478.0,2560.0,2442.8,2539.6,2544.15,2520.84,2369901,597414981265000.0,121230,571038,0.24100000000000002
DMART,EQ,2544.15,2440.0,2499.0,2373.0,2380.2,2408.35,2434.07,4717819,1148349195355000.0,180133,1695144,0.3593
DMART,EQ,2408.35,2354.5,2379.3,2330.05,2336.0,2339.45,2354.47,3097697,729343120075000.0,120935,1248897,0.4032
DMART,EQ,2339.45,2334.95,2384.6,2305.05,2365.5,2364.9,2346.67,2017080,473342628400000.0,99027,694531,0.3443
DMART,EQ,2364.9,2385.0,2437.0,2372.1,2430.0,2424.5,2409.36,1759543,423936929700000.0,82230,558563,0.3174
DMART,EQ,2424.5,2433.0,2485.0,2430.0,2458.0,2462.65,2464.82,1359803,335166967720000.0,51278,496356,0.365
DMART,EQ,2462.65,2448.8,2448.8,2370.0,2389.75,2389.7,2412.07,651480,157141436805000.0,46383,285251,0.4379
DMART,EQ,2389.7,2399.0,2429.0,2308.0,2347.0,2331.75,2358.88,1007451,237645925760000.0,68202,429675,0.4265
DMART,EQ,2331.75,2326.85,2419.0,2305.05,2344.9,2358.4,2368.75,1302206,308460211290000.0,81536,406752,0.3124
DMART,EQ,2358.4,2347.3,2370.0,2310.0,2317.0,2319.7,2338.64,727447,170123960730000.0,63589,257484,0.354
DMART,EQ,2319.7,2279.9,2377.35,2180.0,2348.0,2323.95,2276.94,1813565,412937109665000.0,121692,924179,0.5096
DMART,EQ,2323.95,2335.0,2340.0,2220.0,2225.0,2228.95,2252.44,2050214,461799222520000.0,140583,1176231,0.5737
DMART,EQ,2228.95,2228.0,2274.0,2172.95,2239.0,2233.05,2227.96,1252459,279043425030000.03,103367,689649,0.5506000000000001
DMART,EQ,2283.25,2222.2,2275.0,2176.0,2200.0,2200.2,2210.17,751860,166173528855000.0,93807,526101,0.6997
DMART,EQ,2200.2,2210.0,2310.2,2205.0,2310.2,2308.45,2278.29,927241,211252500970000.0,80543,492546,0.5312
DMART,EQ,2308.45,2330.0,2358.0,2229.0,2300.0,2269.35,2278.82,3799435,865824085570000.1,176493,2892391,0.7613
DMART,EQ,2269.35,2320.1,2328.55,2282.65,2304.0,2305.5,2305.49,448583,103420343045000.0,62602,304316,0.6784
DMART,EQ,2305.5,2309.1,2389.0,2290.05,2365.0,2381.7,2351.78,503206,118343165570000.0,73803,301273,0.5987
DMART,EQ,2381.7,2390.0,2450.0,2330.0,2367.0,2349.3,2394.8,425477,101893101315000.0,71794,293618,0.6901
DMART,EQ,2349.3,2362.0,2434.0,2311.3,2427.0,2414.2,2384.84,363347,86652472205000.0,54176,245293,0.6751
DMART,EQ,2414.2,2438.0,2524.0,2434.15,2498.0,2499.0,2493.19,668802,166745376000000.0,55908,386520,0.5779
DMART,EQ,2499.0,2520.0,2527.0,2414.2,2454.95,2459.5,2468.17,322706,79649383380000.0,42302,200736,0.622
DMART,EQ,2459.5,2461.0,2468.8,2370.0,2390.0,2390.1,2404.54,376333,90490800840000.0,43820,255556,0.6790999999999999
DMART,EQ,2390.1,2400.0,2429.95,2360.0,2383.0,2388.35,2389.54,215499,51494426795000.0,25593,123296,0.5721
DMART,EQ,2388.35,2390.0,2422.8,2365.0,2381.0,2406.5,2396.36,325839,78082592285000.0,36871,177439,0.5446
DMART,EQ,2406.5,2312.0,2438.0,2312.0,2400.0,2397.8,2383.17,415417,99001084030000.0,29018,181643,0.43729999999999997
DMART,EQ,2397.8,2373.0,2422.0,2337.05,2382.0,2365.3,2369.68,354822,84081537010000.0,38790,225676,0.636
DMART,EQ,2365.3,2399.0,2434.0,2356.6,2401.0,2403.55,2400.23,321260,77109868555000.0,28199,180916,0.5631
DMART,EQ,2403.55,2390.0,2404.0,2325.0,2342.0,2340.4,2369.07,563668,133536712520000.0,30283,412163,0.7312000000000001
DMART,EQ,2340.4,2331.0,2365.0,2320.3,2348.0,2350.85,2350.05,199698,46929960745000.0,25975,122719,0.6145
DMART,EQ,2350.85,2372.7,2399.0,2310.0,2372.0,2363.15,2367.17,1479487,350219622205000.0,64262,947162,0.6402
DMART,EQ,2363.15,2366.0,2399.4,2340.0,2354.0,2350.4,2361.48,366255,86490560245000.0,34469,228251,0.6232
DMART,EQ,2350.4,2350.3,2375.0,2340.0,2356.0,2359.9,2355.02,175282,41279301595000.0,18700,29645,0.6369
DMART,EQ,2359.9,2397.8,2424.0,2342.0,2349.0,2358.35,2375.5,415043,98593280260000.0,33488,195543,0.4711
DMART,EQ,2358.35,2348.0,2348.7,2298.1,2309.7,2305.55,2312.3,483356,111766221730000.0,53484,326478,0.6754000000000001
DMART,EQ,2305.55,2329.7,2337.85,2290.0,2298.95,2294.4,2305.2,203494,46909510125000.0,23436,128049,0.6293
DMART,EQ,2294.4,2294.4,2334.7,2274.0,2293.15,2290.95,2301.67,234443,53961050865000.0,24512,100539,0.4288
DMART,EQ,2290.95,2314.7,2332.5,2288.0,2315.0,2317.15,2307.2,381989,88132320675000.0,23992,282723,0.7401000000000001
DMART,EQ,2317.15,2325.0,2327.0,2285.0,2290.0,2289.35,2298.12,230105,52880809520000.0,29820,139825,0.6077
DMART,EQ,2289.35,2302.0,2325.0,2285.0,2298.0,2295.5,2305.14,412115,94998399950000.0,26293,244477,0.5932000000000001
DMART,EQ,2295.5,2305.0,2309.95,2276.05,2295.0,2290.15,2286.49,369961,84591217565000.0,30491,247463,0.6689
DMART,EQ,2290.15,2296.0,2355.0,2296.0,2313.45,2323.0,2329.02,408632,95171383195000.0,53140,216893,0.5307999999999999
DMART,EQ,2323.0,2313.1,2381.0,2305.0,2376.0,2361.7,2336.24,412871,96456717320000.0,43992,246654,0.5974
DMART,EQ,2361.7,2385.0,2385.3,2300.45,2316.9,2319.55,2335.38,491069,114683042040000.02,40518,326898,0.6657
DMART,EQ,2319.55,2329.7,2364.0,2309.0,2324.0,2320.35,2331.88,266580,62163176885000.0,23868,141140,0.5294
DMART,EQ,2320.35,2328.7,2342.05,2306.65,2329.9,2322.7,2322.99,275116,63909226220000.01,20597,165581,0.6019
DMART,EQ,2322.7,2210.05,2304.95,2180.0,2223.0,2233.95,2238.7,1754347,392746222395000.0,123187,653262,0.3724
DMART,EQ,2233.95,2215.0,2220.0,2148.0,2149.15,2154.85,2182.16,841386,183603486795000.0,88787,447878,0.5323
DMART,EQ,2154.85,2170.0,2195.0,2135.0,2140.1,2146.35,2172.48,540472,117416226175000.0,59792,310501,0.5745
DMART,EQ,2146.35,2145.0,2149.7,1980.0,2005.0,2007.05,2017.61,3723257,751209854375000.0,220170,2590190,0.6957
DMART,EQ,2007.05,2000.0,2019.8,1955.0,1983.0,1989.75,1979.2,3878450,767622718820000.0,210448,2205915,0.5688000000000001
DMART,EQ,1989.75,1979.9,2039.0,1968.0,2015.0,2019.0,2014.62,1556417,313558931785000.0,99613,641397,0.4121
DMART,EQ,2019.0,2035.0,2054.9,2021.05,2039.0,2040.8,2038.41,717406,146237003315000.0,56150,373655,0.5208
DMART,EQ,2040.8,2055.0,2120.6,2010.0,2092.0,2110.0,2079.45,1721557,357988911640000.0,94114,848177,0.4927
DMART,EQ,2110.0,2107.7,2148.0,2095.0,2098.95,2100.35,2123.25,771244,163754505625000.0,48570,307751,0.399
DMART,EQ,2100.35,2095.0,2124.8,2027.0,2034.0,2031.4,2056.95,1349971,277682599100000.0,81334,775539,0.5745
DMART,EQ,2031.4,2044.0,2060.0,2001.5,2025.3,2026.1,2023.65,2240265,453351470114999.94,56113,1888879,0.8431000000000001
DMART,EQ,2026.1,2060.0,2067.0,2027.8,2055.0,2051.4,2048.76,522671,107082903700000.0,33213,309666,0.5925
DMART,EQ,2051.4,2060.0,2075.0,2041.1,2048.0,2049.7,2060.76,351802,72497827945000.0,24020,185902,0.5284000000000001
DMART,EQ,2049.7,2039.0,2068.0,2030.0,2044.0,2040.2,2043.48,411865,84163756135000.0,24515,280354,0.6807
DMART,EQ,2040.2,2046.0,2075.0,2033.05,2060.05,2063.45,2061.34,423797,87359063790000.0,39860,250274,0.5906
DMART,EQ,2063.45,2068.7,2112.7,2060.3,2077.35,2093.15,2085.49,554680,115678178005000.0,45895,307312,0.554
DMART,EQ,2093.15,2093.15,2178.0,2090.0,2165.0,2165.1,2143.49,613848,131577935255000.0,50615,307056,0.5002000000000001
DMART,EQ,2165.1,2175.0,2189.95,2151.05,2153.0,2163.45,2171.52,503495,109334728315000.02,33676,215396,0.4278
DMART,EQ,2163.45,2170.0,2191.95,2135.65,2149.0,2150.55,2154.48,637780,137408704140000.02,38466,383187,0.6008
DMART,EQ,2150.55,2170.0,2176.4,2133.0,2136.05,2138.4,2145.13,354664,76079951565000.0,19513,220052,0.6204999999999999
DMART,EQ,2138.4,2138.4,2145.0,2100.0,2118.8,2116.5,2118.97,366326,77623443250000.0,38570,207814,0.5673
DMART,EQ,2116.5,2120.0,2143.15,2110.35,2137.0,2131.95,2129.44,461469,98266900830000.0,31793,275367,0.5967
DMART,EQ,2131.95,2139.0,2175.0,2122.0,2167.0,2169.2,2158.97,440624,95129574220000.0,36131,228856,0.5194
DMART,EQ,2169.2,2177.0,2213.45,2150.0,2209.0,2207.1,2183.65,598902,130779506725000.0,37621,268453,0.4482
DMART,EQ,2207.1,2214.3,2219.9,2173.55,2182.0,2178.0,2192.87,290346,63669145910000.0,26578,169378,0.5834
DMART,EQ,2178.0,2181.0,2203.75,2160.0,2193.55,2189.75,2180.49,272840,59492371679999.99,21001,135961,0.4983
DMART,EQ,2189.75,2195.0,2266.3,2170.0,2253.0,2259.45,2235.64,700408,156585837395000.0,43881,338803,0.48369999999999996
DMART,EQ,2259.45,2279.0,2309.25,2240.0,2245.0,2266.6,2288.93,590890,135250847820000.0,38714,294507,0.49840000000000007
DMART,EQ,2266.6,2252.0,2290.0,2219.0,2285.2,2285.9,2267.6,373075,84598577360000.0,26818,221694,0.5942000000000001
DMART,EQ,2285.9,2290.4,2300.0,2252.35,2267.0,2259.45,2271.47,326279,74113426550000.0,31167,179848,0.5512
DMART,EQ,2259.45,2269.95,2272.0,2244.0,2248.55,2250.3,2256.15,161735,36489819790000.0,14597,88754,0.5488000000000001
DMART,EQ,2250.3,2267.2,2351.75,2260.1,2340.0,2341.15,2310.36,1036879,239556242115000.0,55186,367527,0.35450000000000004
DMART,EQ,2341.15,2343.0,2425.0,2343.0,2422.0,2410.1,2392.24,1466394,350796826470000.0,54192,948416,0.6468
DMART,EQ,2410.1,2440.0,2445.0,2351.25,2362.0,2380.85,2419.41,695841,168352329850000.0,67714,363810,0.5228
DMART,EQ,2380.85,2376.75,2376.9,2300.0,2320.05,2319.4,2322.71,617760,143487975890000.0,48290,320308,0.5185000000000001
DMART,EQ,2319.4,2298.9,2298.9,2195.0,2248.8,2251.25,2240.38,1031288,231048155900000.0,85006,510993,0.4955
DMART,EQ,2251.25,2244.0,2280.0,2202.0,2240.0,2241.6,2238.89,623862,139676052040000.02,33896,289949,0.4648
DMART,EQ,2241.6,2247.85,2275.0,2212.05,2221.8,2218.45,2233.6,590823,131965987865000.02,37822,426836,0.7223999999999999
DMART,EQ,2218.45,2239.0,2324.3,2229.0,2287.0,2278.4,2275.8,767034,174561872080000.0,64840,388526,0.5065
DMART,EQ,2278.4,2251.1,2367.85,2183.3,2259.95,2251.45,2317.07,1115594,258491048965000.0,63933,320734,0.28750000000000003
DMART,EQ,2251.45,2270.0,2278.25,2240.15,2263.15,2261.4,2255.57,517068,116628555390000.02,37809,297807,0.5760000000000001
DMART,EQ,2261.4,2263.15,2297.85,2235.05,2245.0,2246.6,2259.2,1234869,278982013644999.97,27276,1032737,0.8362999999999999
DMART,EQ,2246.6,2230.0,2257.95,2207.6,2211.0,2222.7,2226.37,550212,122497383865000.02,34426,298302,0.5422
DMART,EQ,2222.7,2225.0,2244.95,2215.0,2233.0,2237.75,2227.41,316354,70464897670000.0,16991,182431,0.5767
DMART,EQ,2237.75,2241.9,2273.0,2226.05,2232.9,2239.35,2243.71,456379,102398114880000.0,29418,228754,0.5012
DMART,EQ,2239.35,2250.0,2258.95,2150.05,2169.4,2162.7,2191.77,902088,197717246095000.0,54113,572414,0.6345000000000001
DMART,EQ,2162.7,2185.0,2185.0,2130.0,2139.95,2136.15,2139.96,1115664,238747711585000.0,44909,395505,0.35450000000000004
DMART,EQ,2136.15,2152.55,2173.0,2130.7,2137.0,2135.95,2149.49,391188,84085658510000.0,36519,162584,0.4156
DMART,EQ,2135.95,2147.0,2167.0,2133.1,2139.0,2139.05,2147.2,244384,52474178560000.0,18911,90294,0.36950000000000005
DMART,EQ,2139.05,2149.9,2175.95,2104.0,2172.8,2149.05,2132.21,1204363,256796004555000.03,65031,724987,0.6020000000000001
DMART,EQ,2149.05,2175.0,2177.0,2056.0,2090.0,2097.45,2105.88,1140224,240117945369999.97,65865,749079,0.657
DMART,EQ,2097.45,2099.0,2104.85,1995.1,2067.0,2049.3,2038.95,723124,147441030170000.0,54085,343504,0.47500000000000003
DMART,EQ,2049.3,2066.95,2100.0,2047.0,2055.0,2055.3,2062.81,422293,87110845450000.0,35246,242163,0.5734
DMART,EQ,2055.3,2047.9,2084.0,2037.6,2049.95,2047.35,2055.62,452643,93046056650000.0,30548,248399,0.5488000000000001
DMART,EQ,2047.35,2042.1,2120.0,2042.1,2110.9,2102.7,2090.27,325523,68043018179999.99,26279,165573,0.5086
DMART,EQ,2102.7,2110.9,2142.0,2098.0,2100.0,2108.4,2124.03,357109,75851047955000.0,15868,146295,0.4097
DMART,EQ,2108.4,2108.4,2150.6,2082.9,2125.0,2133.25,2126.72,593653,126253576934999.98,25411,202514,0.3411
DMART,EQ,2133.25,2134.0,2219.8,2115.0,2187.0,2203.15,2185.54,677291,148024528685000.0,62497,248285,0.3666
DMART,EQ,2203.15,2210.0,2242.0,2171.1,2175.0,2184.8,2205.22,551443,121605119220000.0,34328,206094,0.3737
DMART,EQ,2184.8,2192.95,2197.15,2104.0,2113.0,2110.45,2134.87,438928,93705525460000.0,40106,231853,0.5282
DMART,EQ,2110.45,2135.75,2135.75,2066.0,2085.0,2083.05,2088.57,453730,94764706745000.0,32139,228275,0.5031
DMART,EQ,2083.05,2092.95,2108.7,2047.0,2068.0,2066.1,2061.3,598378,123343601270000.0,39606,338151,0.5651
DMART,EQ,2066.1,2085.0,2090.0,2045.05,2067.7,2065.35,2059.21,387440,79781895300000.0,31387,208863,0.5391
DMART,EQ,2065.35,2068.0,2090.9,2035.05,2085.0,2057.6,2048.13,553523,113368883600000.0,44552,320252,0.5786
DMART,EQ,2057.6,2072.0,2084.0,1995.1,2008.4,2002.6,2015.08,860071,173311338280000.0,46805,534158,0.6211
DMART,EQ,2002.6,2002.6,2035.45,1965.0,1975.0,1977.45,2003.02,1222748,244919196350000.0,83038,904929,0.7401000000000001
DMART,EQ,1977.45,1984.9,2014.85,1966.25,1979.95,1974.55,1984.29,974656,193399598310000.0,73448,518844,0.5323
DMART,EQ,1974.55,1987.1,1998.5,1970.05,1982.0,1977.7,1983.64,744866,147754410800000.0,54338,501691,0.6735
DMART,EQ,1977.7,1980.0,1999.0,1970.0,1988.0,1984.2,1977.29,614032,121412161434999.98,33319,422859,0.6887000000000001
DMART,EQ,1984.2,1969.05,2140.0,1954.85,2099.0,2094.3,2066.53,3267640,675267726905000.0,169962,742261,0.22719999999999999
DMART,EQ,2094.3,2099.0,2170.0,2056.0,2137.0,2143.05,2138.23,1555361,332572631490000.0,75631,358353,0.2304
DMART,EQ,2143.05,2143.05,2170.0,2061.05,2092.85,2081.35,2116.69,892875,188993514835000.0,56938,253654,0.2841
DMART,EQ,2081.35,2081.0,2129.9,2062.9,2117.0,2100.3,2093.34,548828,114888295980000.0,43757,183862,0.335
DMART,EQ,2100.3,2106.95,2133.85,2081.0,2103.0,2116.55,2111.05,546621,115394549720000.0,24912,111933,0.2048
DMART,EQ,2116.55,2120.0,2150.0,2100.35,2138.9,2144.25,2128.18,613118,130482708895000.0,35042,255362,0.4165
DMART,EQ,2144.25,2133.0,2188.0,2111.85,2173.0,2176.2,2166.72,621369,134633303805000.0,35470,218183,0.3511
DMART,EQ,2176.2,2197.0,2249.0,2175.0,2236.0,2240.2,2229.32,989254,220535989294999.97,57849,349294,0.3531
DMART,EQ,2240.2,2200.0,2277.6,2185.0,2275.0,2267.1,2244.9,624080,140099949459999.98,41378,217086,0.3478
DMART,EQ,2267.1,2260.0,2278.9,2195.75,2230.0,2239.9,2250.67,680417,153139081290000.0,60369,199466,0.2932
DMART,EQ,2239.9,2240.0,2259.0,2163.0,2181.9,2205.75,2235.03,397527,88848603350000.0,37447,144257,0.3629
DMART,EQ,2205.75,2203.8,2245.0,2180.0,2206.0,2209.05,2214.67,598460,132539113715000.02,53364,234215,0.3914
DMART,EQ,2209.05,2210.05,2300.0,2210.05,2293.0,2290.8,2268.0,698833,158495517120000.0,42509,281099,0.4022
DMART,EQ,2290.8,2202.5,2325.45,2202.5,2270.0,2281.95,2297.51,600284,137915906515000.02,37664,217873,0.3629
DMART,EQ,2281.95,2281.95,2303.25,2243.45,2291.0,2294.6,2276.33,445989,101521745055000.0,34195,142105,0.3186
DMART,EQ,2294.6,2306.05,2335.0,2283.05,2315.0,2325.85,2312.84,415802,96168363925000.0,33424,168742,0.4058
DMART,EQ,2325.85,2340.0,2368.9,2315.5,2360.0,2362.4,2348.87,469484,110275527305000.0,40965,207357,0.44170000000000004
DMART,EQ,2362.4,2373.9,2403.0,2361.0,2398.0,2398.2,2382.54,506443,120662107455000.0,37604,237820,0.4696
DMART,EQ,2398.2,2400.0,2410.0,2361.05,2399.75,2400.3,2391.24,369948,88463262820000.0,31699,187517,0.5069
DMART,EQ,2400.3,2390.0,2399.0,2361.5,2380.2,2383.05,2384.88,171758,40962154775000.0,12304,73300,0.4268
DMART,EQ,2383.05,2405.0,2407.0,2346.0,2368.0,2374.15,2382.83,43896,10459662245000.0,4701,16923,0.38549999999999995
DMART,EQ,2374.15,2374.15,2507.95,2374.15,2416.0,2432.15,2458.37,1127375,277150091330000.03,68206,523984,0.4648
DMART,EQ,2432.15,2420.0,2420.0,2360.85,2379.0,2375.05,2383.37,607582,144809519755000.0,34246,247545,0.40740000000000004
DMART,EQ,2375.05,2375.0,2415.0,2330.0,2387.0,2392.2,2365.81,460179,108869443455000.0,34097,199458,0.43340000000000006
DMART,EQ,2392.2,2390.0,2438.95,2350.55,2366.2,2382.6,2398.0,284940,68328514195000.01,20378,85103,0.2987
DMART,EQ,2382.6,2361.1,2379.9,2352.25,2362.85,2360.4,2363.74,234655,55466452579999.99,23714,113453,0.48350000000000004
DMART,EQ,2360.4,2367.95,2429.9,2350.0,2365.0,2380.25,2400.47,543631,130496737384999.98,38299,254474,0.4681
DMART,EQ,2380.25,2370.0,2399.5,2350.0,2361.0,2360.8,2371.15,439765,104274945415000.0,26452,197401,0.4489
DMART,EQ,2360.8,2353.0,2396.9,2343.2,2373.45,2373.05,2376.74,333431,79247746915000.0,30617,129971,0.3898
DMART,EQ,2373.05,2373.0,2395.0,2220.05,2320.0,2289.2,2304.88,1604427,369801109340000.0,103531,846933,0.5279
